-- phpMyAdmin SQL Dump
-- version 4.0.10deb1
-- http://www.phpmyadmin.net
--
-- 主机: 127.0.0.1
-- 生成日期: 2017-02-09 21:31:49
-- 服务器版本: 5.5.54-0ubuntu0.14.04.1-log
-- PHP 版本: 5.5.9-1ubuntu4.20

SET SQL_MODE = "NO_AUTO_VALUE_ON_ZERO";
SET time_zone = "+00:00";


/*!40101 SET @OLD_CHARACTER_SET_CLIENT=@@CHARACTER_SET_CLIENT */;
/*!40101 SET @OLD_CHARACTER_SET_RESULTS=@@CHARACTER_SET_RESULTS */;
/*!40101 SET @OLD_COLLATION_CONNECTION=@@COLLATION_CONNECTION */;
/*!40101 SET NAMES utf8 */;

--
-- 数据库: `jdshop`
--

-- --------------------------------------------------------

--
-- 表的结构 `jd_admin`
--

CREATE TABLE IF NOT EXISTS `jd_admin` (
  `id` tinyint(3) unsigned NOT NULL AUTO_INCREMENT,
  `username` varchar(32) NOT NULL COMMENT '用户名',
  `password` char(32) NOT NULL COMMENT '密码',
  `is_use` tinyint(3) unsigned NOT NULL DEFAULT '1' COMMENT '是否启用 1：启用，0：禁用',
  PRIMARY KEY (`id`)
) ENGINE=MyISAM  DEFAULT CHARSET=utf8 AUTO_INCREMENT=8 ;

--
-- 转存表中的数据 `jd_admin`
--

INSERT INTO `jd_admin` (`id`, `username`, `password`, `is_use`) VALUES
(1, 'root', '45e92207c5ca605c564b85de9068613a', 1),
(2, 'pc', '019916ee3569c7abefcac7ecb0673b57', 0),
(5, 'admin1', '45e92207c5ca605c564b85de9068613a', 1),
(6, 'admin2', '45e92207c5ca605c564b85de9068613a', 1),
(7, 'admin3', '45e92207c5ca605c564b85de9068613a', 1);

-- --------------------------------------------------------

--
-- 表的结构 `jd_admin_role`
--

CREATE TABLE IF NOT EXISTS `jd_admin_role` (
  `admin_id` tinyint(3) unsigned NOT NULL COMMENT '管理员的id',
  `role_id` smallint(5) unsigned NOT NULL COMMENT '角色的id',
  KEY `admin_id` (`admin_id`),
  KEY `role_id` (`role_id`)
) ENGINE=MyISAM DEFAULT CHARSET=utf8 COMMENT='管理员角色表';

--
-- 转存表中的数据 `jd_admin_role`
--

INSERT INTO `jd_admin_role` (`admin_id`, `role_id`) VALUES
(2, 7),
(2, 6),
(7, 7),
(5, 7),
(7, 6),
(7, 4),
(7, 3),
(2, 4),
(2, 3),
(2, 2),
(7, 1),
(6, 2),
(6, 4);

-- --------------------------------------------------------

--
-- 表的结构 `jd_attribute`
--

CREATE TABLE IF NOT EXISTS `jd_attribute` (
  `id` mediumint(8) unsigned NOT NULL AUTO_INCREMENT,
  `attr_name` varchar(30) NOT NULL COMMENT '属性名称',
  `attr_type` tinyint(3) unsigned NOT NULL DEFAULT '0' COMMENT '属性的类型0：唯一 1：可选',
  `attr_option_values` varchar(20000) NOT NULL DEFAULT '' COMMENT '属性的可选值，多个可选值用，隔开',
  `type_id` tinyint(3) unsigned NOT NULL COMMENT '所在的类型的id',
  PRIMARY KEY (`id`),
  KEY `type_id` (`type_id`)
) ENGINE=MyISAM  DEFAULT CHARSET=utf8 COMMENT='属性' AUTO_INCREMENT=72 ;

--
-- 转存表中的数据 `jd_attribute`
--

INSERT INTO `jd_attribute` (`id`, `attr_name`, `attr_type`, `attr_option_values`, `type_id`) VALUES
(1, '颜色', 1, '黑色,白色,金色,蓝色', 1),
(3, '屏幕尺寸', 0, '', 1),
(4, '分辨率', 0, '', 1),
(5, '后置摄像头', 0, '', 1),
(6, '前置摄像头', 0, '', 1),
(7, '核数', 0, '', 1),
(8, '频率', 0, '', 1),
(9, '毛重', 0, '', 1),
(10, '编号', 0, '', 1),
(11, '操作系统', 0, '', 1),
(12, 'CPU品牌', 0, '', 1),
(13, 'CPU型号', 0, '', 1),
(14, '机身内存', 1, '16GB,32GB,64GB', 1),
(16, '4G网络制式', 0, '移动4G,联通4G,电信4G', 1),
(15, '运行内存', 1, '1GB,2GB,3GB', 1),
(17, '3G网络制式', 0, '移动3G(TD-SCDMA),联通3G(WCDMA),电信3G(CDMA2000)', 1),
(18, '2G网络制式', 0, '移动2G,联通2G(GSM),电信2G(CDMA)', 1),
(19, '网络频率', 0, 'FDD-LTE,TD-LTE,WCDMA,TD-SCDMA,CDMA2000,GSM,CDMA', 1),
(20, '屏幕材质', 0, '', 1),
(21, '屏幕色彩', 0, '', 1),
(22, '传感器类型', 0, '', 1),
(23, '闪光灯', 0, '', 1),
(24, '变焦模式', 0, '数码变焦,光学变焦', 1),
(25, '店内分类', 0, '笔记本,超级本,游戏本,商务本,一体机,平板电脑,组装机', 2),
(26, '主体平台', 0, '', 2),
(27, '内存容量', 1, '4GB,8GB,16GB', 2),
(28, '内存类型', 0, '', 2),
(29, '硬盘容量', 1, '500GB,1TB', 2),
(30, '显卡类型', 1, '集成显卡,独立显卡,集成+独立', 2),
(31, '显示芯片', 0, '', 2),
(32, '显存容量', 0, '2GB', 2),
(33, '光驱类型', 0, '有光驱,无光驱', 2),
(34, '屏幕尺寸', 0, '', 2),
(35, '显示比例', 0, '', 2),
(36, '物理分辨率', 0, '', 2),
(37, '屏幕类型', 0, 'LED,TFT', 2),
(38, '毛重', 0, '', 2),
(39, '商品编号', 0, '', 2),
(57, '颜色', 1, '白色,红色,金色,黑色', 2),
(41, '操作系统', 0, 'windows7,windows8,windows10,Linux', 2),
(42, '处理器', 1, 'Intel i3,Intel i5,Intel i7', 2),
(43, '商品编号', 0, '', 3),
(44, '毛重', 0, '', 3),
(45, '产地', 0, '中国大陆,中国台湾,中国香港,中国澳门,海外', 3),
(46, '电视类型', 0, '', 3),
(47, '分辨率', 0, '', 3),
(48, '产品型号', 0, '', 3),
(49, '产品类型', 0, '普通电视,智能电视', 3),
(50, '颜色', 1, '白色,红色,金色,黑色', 3),
(51, '能效等级', 0, '一级,二级,三级', 3),
(52, '屏幕尺寸', 1, '43英寸,49英寸,55英寸', 3),
(53, '屏幕比例', 0, '', 3),
(54, '操作系统', 0, '', 3),
(55, 'CPU', 0, '', 3),
(56, '连接方式', 0, '无线,网线,无线/网线', 3),
(58, '毛重', 0, '', 4),
(59, '颜色', 1, '粉红,腥红,苍白的紫罗兰红,脸红的淡紫红,热情的粉红,适中的紫罗兰红,兰花紫,轻紫,紫罗兰,洋紫,紫红,深洋紫,紫,适中的兰花紫,深紫罗兰,靓青,蓝紫罗兰,适中的紫,适中的的板岩蓝,板岩蓝,深板岩蓝,熏衣草花的淡紫,幽灵白,蓝,适中的蓝,午夜蓝,深蓝,海军蓝, 皇家蓝,矢车菊蓝,淡钢蓝,浅石板灰,石板灰,道奇蓝,爱丽丝蓝,钢蓝,淡天蓝,天蓝,深天蓝,淡蓝,火药蓝,军校蓝,蔚蓝,淡青,苍白的宝石绿,青,水绿,深宝石绿,深石板灰,深青色,水鸭色,适中的宝石绿,宝石绿,碧绿,适中的碧绿,适中的春天绿,薄荷奶油,春天绿, 适中的海洋绿,海洋绿,浅粉红,浅绿,苍白绿,深海洋绿,柠檬绿,柠檬,森林绿,查特酒绿,草坪绿,绿黄,深橄榄绿,黄绿,橄榄褐,米色,象牙白,浅黄,黄,橄榄,深卡其布,灰秋,卡其布,金,玉米,秋,深秋,白花,浅米色,小麦,鹿皮,橙,木瓜,漂白后的杏仁,耐而节白, 古白,晒,树干,乳脂,深橙色,亚麻,秘鲁,沙棕,巧克力,马鞍棕,海贝,土黄赭,浅肉,珊瑚,橙红,番茄色,雾中玫瑰,雪,浅珊瑚,玫瑰棕,红,棕,火砖,深红,粟色,白,烟白,赶死部落,浅灰,银白,深灰,暗灰,黑', 4),
(60, '类型', 1, '上装,裤装,裙装,套装,运动衫,T恤,皮草,蕾丝衫/雪纺衫,夹克 ,羊绒衫,披风,衬衫, 马甲,棉衣,短外套,羽绒服,小西装,皮衣,针织衫/毛衣,毛呢外套,风衣/大衣,卫衣,吊带/小背心 ,短裤,五分裤,七分裤,九分裤,长裤等,牛仔裤,棉裤,小脚/铅笔裤,羽绒裤,打底裤,休闲裤,哈伦裤, 运动裤,连体裤,西装裤等,连衣裙,半身裙,吊带裙, 短袖连衣裙,五分袖连衣裙,七分袖连衣裙,长袖连衣裙, 表演装,社交装,居家服,职业装,运动装,正装,休闲装', 4),
(61, '主要材质', 1, '柔软型面料 ,挺爽型面料 ,光泽型面料 ,厚重型面料 ,透明型面料 ,棉布 ,麻布 ,丝绸 ,呢绒 ,皮革 ,化纤 ,混纺 ,丝光棉 ,雪纺 ,桑蚕丝 ,粘胶 ,醋酯纤维 ,涤纶 ,锦纶 ,丙纶 ,氨纶 ,维纶 ,纯麻细纺 ,夏布 ,交织麻织物 ,派力司 ,华达呢 ,啥味呢 ,麦尔登 ,长毛绒 ,卡其 ,山羊绒 ,马海毛 ,麻棉混纺 ,涤麻混纺 ,进口长绒棉 ,绢丝 ,真丝 ,天丝 ,丝光棉纱线 ,台湾天丝 ,竹纤维 ,睛纶 ,丝光羊毛 ,诺超细羊毛 ,涤棉混纺 ,涤绢混纺 ,涤粘华达呢', 4),
(62, '商品编号', 0, '', 4),
(63, '货号', 0, '', 4),
(64, '厚度', 1, '一般,加厚', 4),
(65, '尺码', 1, 'M,L,XL,XXL,XXXL', 4),
(66, '流行元素', 0, '', 4),
(67, '衣长', 0, '', 4),
(68, '人群', 0, '小孩,青年,中年,老年', 4),
(69, '版型', 0, 'A型,X型,O型,T型', 4),
(70, '风格', 0, '', 4),
(71, '细节', 0, '', 4);

-- --------------------------------------------------------

--
-- 表的结构 `jd_brand`
--

CREATE TABLE IF NOT EXISTS `jd_brand` (
  `id` smallint(5) unsigned NOT NULL AUTO_INCREMENT,
  `brand_name` varchar(45) NOT NULL COMMENT '品牌名称',
  `site_url` varchar(150) NOT NULL COMMENT '品牌网站地址',
  `logo` varchar(150) NOT NULL DEFAULT '' COMMENT '品牌logo',
  PRIMARY KEY (`id`)
) ENGINE=MyISAM  DEFAULT CHARSET=utf8 COMMENT='品牌表' AUTO_INCREMENT=29 ;

--
-- 转存表中的数据 `jd_brand`
--

INSERT INTO `jd_brand` (`id`, `brand_name`, `site_url`, `logo`) VALUES
(20, '华为', 'http://www.huawei.com/cn/', 'Uploads/Brand/2016-01-28/56a9ac9b6baf4.png'),
(19, 'vivo', 'http://www.vivo.com.cn/', 'Uploads/Brand/2016-01-27/56a865d6d3619.jpg'),
(18, '小米', 'http://www.xiaomi.com/', 'Uploads/Brand/2016-01-27/56a865c317795.jpg'),
(22, '三星', 'http://www.samsung.com/cn/home/', 'Uploads/Brand/2016-01-27/56a867fd39432.png'),
(21, '纽曼', 'http://www.newsmy.com/index.html', 'Uploads/Brand/2016-01-27/56a867df0689e.jpg'),
(6, '中兴', 'http://www.ztedevice.com.cn/', 'Uploads/Brand/2016-01-27/56a860e7c34eb.jpg'),
(7, 'OPPO', 'http://www.oppo.com/cn/', 'Uploads/Brand/2016-01-27/56a860fdad57a.p'),
(8, 'HTC', 'http://www.htc.com/cn/', 'Uploads/Brand/2016-01-27/56a8611c5fb0d.png'),
(9, '魅族', 'http://www.meizu.com/', 'Uploads/Brand/2016-01-27/56a86133671f9.jpg'),
(10, '金立', 'http://www.gionee.com/', 'Uploads/Brand/2016-01-27/56a86148d4c31.jpg'),
(11, '摩托罗拉', 'http://www.motorola.com.cn/home', 'Uploads/Brand/2016-01-27/56a861635b1d5.jpg'),
(12, '奇酷', 'http://www.qiku.com/', 'Uploads/Brand/2016-01-27/56a8617e49210.jpg'),
(13, '锤子', 'http://store.smartisan.com/', 'Uploads/Brand/2016-01-27/56a861976d707.png'),
(14, '努比亚', 'http://www.nubia.com/', 'Uploads/Brand/2016-01-27/56a861af1d009.jpg'),
(15, '酷派', 'http://www.coolpad.com/', 'Uploads/Brand/2016-01-27/56a863ac87bad.jpg'),
(16, 'TCL', 'http://www.tcl.com/', 'Uploads/Brand/2016-01-27/56a861da52b3e.jpg'),
(17, 'apple', 'http://www.apple.com/cn/', 'Uploads/Brand/2016-01-27/56a861fdcad39.jpg'),
(23, '联想(lenovo)', 'http://www.lenovo.com.cn/', 'Uploads/Brand/2016-01-28/56a9bc7f57d11.png'),
(24, '戴尔', 'http://www.dell.com.cn/', 'Uploads/Brand/2016-02-10/56bb589620f7f.jpg'),
(25, '惠普(hp)', 'http://new.hpstore.cn/', 'Uploads/Brand/2016-02-11/56bc0a47afbb4.jpg'),
(26, '华硕', 'http://www.asus.com.cn/', 'Uploads/Brand/2016-02-11/56bc0e1a7694f.gif'),
(27, '长虹', 'http://www.changhong.com.cn/', 'Uploads/Brand/2016-02-12/56bdd0ed6319f.jpg'),
(28, '七匹狼', 'http://www.septwolves.com', 'Uploads/Brand/2016-02-29/56d43dec1e76c.jpg');

-- --------------------------------------------------------

--
-- 表的结构 `jd_cart`
--

CREATE TABLE IF NOT EXISTS `jd_cart` (
  `id` mediumint(8) unsigned NOT NULL AUTO_INCREMENT,
  `goods_id` mediumint(8) unsigned NOT NULL COMMENT '商品ID',
  `goods_attr_id` varchar(30) NOT NULL DEFAULT '' COMMENT '选择的商品属性ID，多个用，隔开',
  `goods_number` int(10) unsigned NOT NULL COMMENT '购买的数量',
  `member_id` mediumint(8) unsigned NOT NULL COMMENT '会员id',
  PRIMARY KEY (`id`),
  KEY `member_id` (`member_id`)
) ENGINE=MyISAM  DEFAULT CHARSET=utf8 COMMENT='购物车' AUTO_INCREMENT=34 ;

--
-- 转存表中的数据 `jd_cart`
--

INSERT INTO `jd_cart` (`id`, `goods_id`, `goods_attr_id`, `goods_number`, `member_id`) VALUES
(13, 9, '465,467,468,471,474', 3, 18),
(12, 2, '267,269,273,287,289', 3, 18),
(11, 8, '429,443,449', 4, 18),
(6, 6, '379,394,400', 2, 18),
(16, 6, '379,394,400', 2, 18),
(17, 3, '296,299,300,313,318', 2, 18),
(19, 3, '296,299,300,313,318', 2, 28),
(33, 7, '418,423', 1, 37),
(30, 5, '352,356,359,371,378', 2, 36),
(32, 4, '323,327,331,345,349', 1, 27);

-- --------------------------------------------------------

--
-- 表的结构 `jd_category`
--

CREATE TABLE IF NOT EXISTS `jd_category` (
  `id` smallint(5) unsigned NOT NULL AUTO_INCREMENT,
  `cat_name` varchar(32) NOT NULL COMMENT '分类名称',
  `parent_id` smallint(5) unsigned NOT NULL DEFAULT '0' COMMENT '上级分类的id 0；代表顶级',
  `search_attr_id` varchar(100) NOT NULL DEFAULT '' COMMENT '筛选属性ID，多个ID用逗号隔开',
  PRIMARY KEY (`id`)
) ENGINE=MyISAM  DEFAULT CHARSET=utf8 COMMENT='商品分类表' AUTO_INCREMENT=562 ;

--
-- 转存表中的数据 `jd_category`
--

INSERT INTO `jd_category` (`id`, `cat_name`, `parent_id`, `search_attr_id`) VALUES
(1, '家用电器', 0, ''),
(2, '大家电', 1, ''),
(3, '平板电视', 2, '46,51,54,47,52'),
(4, '空调', 2, ''),
(5, '冰箱', 2, ''),
(6, '洗衣机', 2, ''),
(7, '家庭影院', 2, ''),
(8, 'DVD', 2, ''),
(9, '迷你音响', 2, ''),
(10, '烟机/灶具', 2, ''),
(11, '热水器', 2, ''),
(12, '消毒柜/洗碗机', 2, ''),
(13, '冷柜/冰吧', 2, ''),
(14, '酒柜', 2, ''),
(15, '家电配件', 2, ''),
(16, '生活电器', 1, ''),
(17, '取暖电器', 16, ''),
(18, '净化器', 16, ''),
(19, '扫地机器人', 16, ''),
(20, '吸尘器', 16, ''),
(21, '加湿器', 16, ''),
(22, '挂烫机/熨斗', 16, ''),
(23, '电风扇', 16, ''),
(24, '冷风扇', 16, ''),
(25, '插座', 16, ''),
(26, '电话机', 16, ''),
(27, '净水器', 16, ''),
(28, '饮水机', 16, ''),
(29, '除湿机', 16, ''),
(30, '干衣机', 16, ''),
(31, '清洁机', 16, ''),
(32, '收录/音机', 16, ''),
(33, '其它生活电器', 16, ''),
(34, '生活电器配件', 16, ''),
(35, '厨房电器', 1, ''),
(36, '电压力锅', 35, ''),
(37, '电饭煲', 35, ''),
(38, '豆浆机', 35, ''),
(39, '面包机', 35, ''),
(40, '咖啡机', 35, ''),
(41, '微波炉', 35, ''),
(42, '料理/榨汁机', 35, ''),
(43, '电烤箱', 35, ''),
(44, '电磁炉', 35, ''),
(45, '电饼铛/烧烤盘', 35, ''),
(46, '煮蛋器', 35, ''),
(47, '酸奶机', 35, ''),
(48, '电水壶/热水瓶', 35, ''),
(49, '电炖锅', 35, ''),
(50, '多用途锅', 35, ''),
(51, '果蔬解毒机', 35, ''),
(52, '养生壶/煎药壶', 35, ''),
(53, '电热饭盒', 35, ''),
(54, '其它厨房电器', 35, ''),
(55, '个护健康', 1, ''),
(56, '剃须刀', 55, ''),
(57, '剃/脱毛机', 55, ''),
(58, '口腔护理', 55, ''),
(59, '电吹风', 55, ''),
(60, '美容器', 55, ''),
(61, '理发器', 55, ''),
(62, '卷/直发器', 55, ''),
(63, '按摩椅', 55, ''),
(64, '按摩器', 55, ''),
(65, '足浴盆', 55, ''),
(66, '血压计', 55, ''),
(67, '健康秤/厨房秤', 55, ''),
(68, '血糖仪', 55, ''),
(69, '体温计', 55, ''),
(70, '计步器/脂肪检测仪', 55, ''),
(71, '其它健康器', 55, ''),
(72, '五金家装', 1, ''),
(73, '电动工具', 72, ''),
(74, '手动工具', 72, ''),
(75, '仪器仪表', 72, ''),
(76, '浴霸/排气扇', 72, ''),
(77, '灯具', 72, ''),
(78, 'LED灯具', 72, ''),
(79, '洁身器', 72, ''),
(80, '水槽', 72, ''),
(81, '龙头', 72, ''),
(82, '淋浴花洒', 72, ''),
(83, '厨卫五金', 72, ''),
(84, '家具五金', 72, ''),
(85, '门铃', 72, ''),
(86, '电器开关', 72, ''),
(87, '插座', 72, ''),
(88, '电工电料', 72, ''),
(89, '监控安防', 72, ''),
(90, '电线/线缆', 72, ''),
(91, '手机、数码、通信', 0, ''),
(92, '手机通讯', 91, ''),
(93, '手机', 92, '3,14,15,4,5,6,7,7'),
(94, '对讲机', 92, ''),
(95, '以旧换新', 92, ''),
(96, '手机维修', 92, ''),
(97, '通讯', 91, ''),
(98, '选号中心', 97, ''),
(99, '自助服务', 97, ''),
(100, '运营商', 91, ''),
(101, '台约机', 100, ''),
(102, '办套餐', 100, ''),
(103, '选号码', 100, ''),
(104, '装宽带', 100, ''),
(105, '中国移动', 100, ''),
(106, '中国联通', 100, ''),
(107, '中国电信', 100, ''),
(108, '手机配件', 91, ''),
(109, '电池/移动电源', 108, ''),
(110, '蓝牙耳机', 108, ''),
(111, '充电器/数据线', 108, ''),
(112, '手机耳机', 108, ''),
(113, '手机支架', 108, ''),
(114, '贴膜', 108, ''),
(115, '储存卡', 108, ''),
(116, '保护套', 108, ''),
(117, '车载', 108, ''),
(118, 'iphone配件', 108, ''),
(119, '创意配件', 108, ''),
(120, '便携/无线音箱', 108, ''),
(121, '手机饰品', 108, ''),
(122, '拍照配件', 108, ''),
(123, '摄影摄像', 91, ''),
(124, '数码相机', 123, ''),
(125, '单电/微单相机', 123, ''),
(126, '单反相机', 123, ''),
(127, '拍立得', 123, ''),
(128, '运动相机', 123, ''),
(129, '摄像机', 123, ''),
(130, '镜头', 123, ''),
(131, '户外器材', 123, ''),
(132, '影棚器材', 123, ''),
(133, '冲印服务', 123, ''),
(134, '数码相框', 123, ''),
(135, '数码配件', 91, ''),
(136, '储存卡', 135, ''),
(137, '读卡器', 135, ''),
(138, '支架', 135, ''),
(139, '滤镜', 135, ''),
(140, '闪光灯/手柄', 135, ''),
(141, '相机包', 135, ''),
(142, '三脚架/云台', 135, ''),
(143, '相机清洁/贴膜', 135, ''),
(144, '机身附件', 135, ''),
(145, '镜头附件', 135, ''),
(146, '电池/充电器', 135, ''),
(147, '移动电源', 135, ''),
(148, '影音娱乐', 91, ''),
(149, '耳机/耳麦', 148, ''),
(150, '音箱/音响', 148, ''),
(151, '收音机', 148, ''),
(152, '麦克风', 148, ''),
(153, 'MP3/MP4', 148, ''),
(154, '专业音频', 148, ''),
(155, '苹果周边', 148, ''),
(156, '智能设备', 91, ''),
(157, '智能手环', 156, ''),
(158, '智能手表', 156, ''),
(159, '智能眼镜', 156, ''),
(160, '智能机器人', 156, ''),
(161, '运动跟踪器', 156, ''),
(162, '健康监测', 156, ''),
(163, '智能装饰', 156, ''),
(164, '智能家居', 156, ''),
(165, '体感车', 156, ''),
(166, '无人机', 156, ''),
(167, '其它配件', 156, ''),
(168, '电子教育', 91, ''),
(169, '学生平板', 168, ''),
(170, '点读机/笔', 168, ''),
(171, '早教益智', 168, ''),
(172, '录音笔', 168, ''),
(173, '电纸书', 168, ''),
(174, '电子辞典', 168, ''),
(175, '复读机', 168, ''),
(176, '电脑/办公', 0, ''),
(177, '电脑整机', 176, ''),
(178, '笔记本', 177, '26,27,28,34,30,32,42'),
(179, '超极本', 177, ''),
(180, '游戏本', 177, ''),
(181, '平板电脑', 177, ''),
(182, '平板电脑配件', 177, ''),
(183, '台式机', 177, ''),
(184, '一体机', 177, ''),
(185, '服务器/工作站', 177, ''),
(186, '笔记本配件', 177, ''),
(187, '电脑配件', 176, ''),
(188, 'CPU', 187, ''),
(189, '主板', 187, ''),
(190, '显卡', 187, ''),
(191, '硬盘', 187, ''),
(192, 'SSD固态硬盘', 187, ''),
(193, '内存', 187, ''),
(194, '机箱', 187, ''),
(195, '电源', 187, ''),
(196, '显示器', 187, ''),
(197, '刻录机/光驱', 187, ''),
(198, '声卡/扩展卡', 187, ''),
(199, '散热器', 187, ''),
(200, '装机配件', 187, ''),
(201, '组装电脑', 187, ''),
(202, '外设产品', 176, ''),
(203, '鼠标', 202, ''),
(204, '键盘', 202, ''),
(205, '网络仪表仪器', 202, ''),
(206, 'U盘', 202, ''),
(207, '移动硬盘', 202, ''),
(208, '鼠标垫', 202, ''),
(209, '摄像头', 202, ''),
(210, '线缆', 202, ''),
(211, '电玩', 202, ''),
(212, '手写板', 202, ''),
(213, '外置盒', 202, ''),
(214, '电脑工具', 202, ''),
(215, '鼠标清洁', 202, ''),
(216, 'UPS', 202, ''),
(217, '插座', 202, ''),
(218, '游戏设备', 176, ''),
(220, '游戏机', 218, ''),
(221, '游戏耳机', 218, ''),
(222, '手柄/方向盘', 218, ''),
(223, '游戏软件', 218, ''),
(224, '游戏周边', 218, ''),
(225, '网络产品', 176, ''),
(226, '路由器', 225, ''),
(227, '网卡', 225, ''),
(228, '交换机', 225, ''),
(229, '网络储存', 225, ''),
(230, '4G/3G上网', 225, ''),
(231, '网络盒子', 225, ''),
(232, '网络配件', 225, ''),
(233, '办公设备', 176, ''),
(234, '投影机', 233, ''),
(235, '投影设备', 233, ''),
(236, '多功能一体机', 233, ''),
(237, '打印机', 233, ''),
(238, '传真设备', 233, ''),
(239, '验钞/点钞机', 233, ''),
(240, '扫描设备', 233, ''),
(241, '复合机', 233, ''),
(242, '碎纸机', 233, ''),
(243, '考勤机', 233, ''),
(244, '收款/POS机', 233, ''),
(245, '会议音频视频', 233, ''),
(246, '保险柜', 233, ''),
(247, '装订/封装机', 233, ''),
(248, '安防监控', 233, ''),
(249, '办公家具', 233, ''),
(250, '白板', 233, ''),
(251, '文具耗材', 176, ''),
(252, '硒鼓/墨粉', 251, ''),
(253, '墨盒', 251, ''),
(254, '色带', 251, ''),
(255, '纸类', 251, ''),
(256, '办公文具', 251, ''),
(257, '学生文具', 251, ''),
(258, '文件管理', 251, ''),
(259, '本册/便笺', 251, ''),
(260, '计算器', 251, ''),
(261, '笔类', 251, ''),
(262, '画具画材', 251, ''),
(263, '财会用品', 251, ''),
(264, '刻录碟片/附件', 251, ''),
(265, '服务产品', 176, ''),
(266, '延保服务', 265, ''),
(267, '上门安装', 265, ''),
(268, '维修保养', 265, ''),
(269, '电脑软件', 265, ''),
(270, '家居、家具、家装、厨具', 0, ''),
(271, '厨具', 270, ''),
(272, '烹饪锅具', 271, ''),
(273, '刀剪菜板', 271, ''),
(274, '厨房配件', 271, ''),
(275, '水具酒具', 271, ''),
(276, '餐具', 271, ''),
(277, '茶具/咖啡具', 271, ''),
(278, '家装建材', 270, ''),
(279, '灯饰照明', 278, ''),
(280, '厨房卫浴', 278, ''),
(281, '五金工具', 278, ''),
(282, '电工电料', 278, ''),
(283, '墙地面材料', 278, ''),
(284, '装饰材料', 278, ''),
(285, '装修服务', 278, ''),
(286, '吸顶灯', 278, ''),
(287, '淋浴花洒', 278, ''),
(288, '开关插座', 278, ''),
(289, '油漆涂料', 278, ''),
(290, '龙头', 278, ''),
(291, '家纺', 270, ''),
(292, '床品套件', 291, ''),
(293, '被子', 291, ''),
(294, '枕芯', 291, ''),
(295, '床单被罩', 291, ''),
(296, '床垫/床褥', 291, ''),
(297, '电热毯', 291, ''),
(298, '毯子', 291, ''),
(299, '毛巾浴巾', 291, ''),
(300, '抱枕靠垫', 291, ''),
(301, '布艺软饰', 291, ''),
(302, '窗帘/窗纱', 291, ''),
(303, '蚊帐', 291, ''),
(304, '凉席', 291, ''),
(305, '家具', 270, ''),
(306, '卧室家具', 305, ''),
(307, '客厅家具', 305, ''),
(308, '餐厅家具', 305, ''),
(309, '书房家具', 305, ''),
(310, '储物家具', 305, ''),
(311, '阳台/户外', 305, ''),
(312, '商业办公', 305, ''),
(313, '床', 305, ''),
(314, '床垫', 305, ''),
(315, '沙发', 305, ''),
(316, '电脑椅', 305, ''),
(317, '衣柜', 305, ''),
(318, '茶几', 305, ''),
(319, '电视柜', 305, ''),
(320, '餐桌', 305, ''),
(321, '电脑桌', 305, ''),
(322, '鞋架/衣帽架', 305, ''),
(323, '灯具', 270, ''),
(324, '台灯', 323, ''),
(325, '吸顶灯', 323, ''),
(326, '筒灯射灯', 323, ''),
(327, 'LED灯', 323, ''),
(328, '节能灯', 323, ''),
(329, '落地灯', 323, ''),
(330, '五金电器', 323, ''),
(331, '应急灯/手电', 323, ''),
(332, '装饰灯', 323, ''),
(333, '吊灯', 323, ''),
(334, '氛围照明', 323, ''),
(335, '生活日用', 270, ''),
(336, '收纳用品', 335, ''),
(337, '雨伞雨具', 335, ''),
(338, '浴室用品', 335, ''),
(339, '缝纫/针织用品', 335, ''),
(340, '洗晒/熨烫', 335, ''),
(341, '净化除味', 335, ''),
(342, '清洁工具', 335, ''),
(343, '家装软饰', 270, ''),
(344, '桌布/罩件', 343, ''),
(345, '地毯/地垫', 343, ''),
(346, '沙发垫套/椅垫', 343, ''),
(347, '帘艺隔断', 343, ''),
(348, '相框/照片墙', 343, ''),
(349, '装饰字画', 343, ''),
(350, '墙贴/装饰贴', 343, ''),
(351, '节庆饰品', 343, ''),
(352, '手工/十字绣', 343, ''),
(353, '钟饰', 343, ''),
(354, '装饰摆件', 343, ''),
(355, '花瓶花艺', 343, ''),
(356, '创意家居', 343, ''),
(357, '保暖防护', 343, ''),
(358, '香薰蜡烛', 343, ''),
(359, '宠物生活', 270, ''),
(360, '水族用品', 359, ''),
(361, '宠物主粮', 359, ''),
(362, '宠物零食', 359, ''),
(363, '猫砂/尿布', 359, ''),
(364, '洗护美容', 359, ''),
(365, '家居日用', 359, ''),
(366, '医疗保健', 359, ''),
(367, '出行装备', 359, ''),
(368, '宠物玩具', 359, ''),
(369, '宠物牵引', 359, ''),
(370, '宠物驱虫', 359, ''),
(371, '男装、女装、内衣、珠宝', 0, ''),
(372, '男装', 371, '59,69,67,60,65,61,70'),
(373, '羽绒服', 372, ''),
(374, '棉服', 372, ''),
(375, '针织衫', 372, ''),
(376, '夹克', 372, ''),
(377, '羊毛衫', 372, ''),
(378, '加绒裤', 372, ''),
(379, '真皮皮衣', 372, ''),
(380, '卫衣', 372, ''),
(381, 'T恤', 372, ''),
(382, '马甲/背心', 372, ''),
(383, '西服套装', 372, ''),
(384, '牛仔裤', 372, ''),
(385, '休闲裤', 372, ''),
(386, '衬衫', 372, ''),
(387, '毛呢大衣', 372, ''),
(388, '风衣', 372, ''),
(389, '仿皮皮衣', 372, ''),
(390, '西服', 372, ''),
(391, '西裤', 372, ''),
(392, '卫裤/运动裤', 372, ''),
(393, 'POLO衫', 372, ''),
(394, '短裤', 372, ''),
(395, '中老年男装', 372, ''),
(396, '大码男装', 372, ''),
(397, '羊毛衫', 372, ''),
(398, '设计师/潮牌', 372, ''),
(399, '工装', 372, ''),
(400, '唐装/中山装', 372, ''),
(401, '女装', 371, ''),
(402, '毛呢大衣', 401, ''),
(403, '羽绒服', 401, ''),
(404, '棉服', 401, ''),
(405, '连衣裙', 401, ''),
(406, '卫衣', 401, ''),
(407, '短外套', 401, ''),
(408, '风衣', 401, ''),
(409, '衬衫', 401, ''),
(410, 'T恤', 401, ''),
(411, '小西装', 401, ''),
(412, '打底裤', 401, ''),
(413, '打底衫', 401, ''),
(414, '针织衫', 401, ''),
(415, '羊绒衫', 401, ''),
(416, '羊毛衫', 401, ''),
(417, '半身裙', 401, ''),
(418, '大码女装', 401, ''),
(419, '中老年女装', 401, ''),
(420, '皮草', 401, ''),
(421, '真皮皮衣', 401, ''),
(422, '仿皮皮衣', 401, ''),
(423, '雪纺衫', 401, ''),
(424, '牛仔裤', 401, ''),
(425, '休闲裤', 401, ''),
(426, '正装裤', 401, ''),
(427, '加绒裤', 401, ''),
(428, '短裤', 401, ''),
(429, '婚纱', 401, ''),
(430, '旗袍/唐装', 401, ''),
(431, '礼服', 401, ''),
(432, '马甲', 401, ''),
(433, '吊带/背心', 401, ''),
(434, '设计师/潮牌', 401, ''),
(435, '内衣', 371, ''),
(436, '保暖内衣', 435, ''),
(437, '秋衣秋裤', 435, ''),
(438, '睡衣/家居服', 435, ''),
(439, '打底裤袜', 435, ''),
(440, '休闲棉袜', 435, ''),
(441, '商务男袜', 435, ''),
(442, '情侣睡衣', 435, ''),
(443, '文胸套装', 435, ''),
(444, '大码内衣', 435, ''),
(445, '文胸', 435, ''),
(446, '男式内裤', 435, ''),
(447, '女士内裤', 435, ''),
(448, '连裤袜/丝袜', 435, ''),
(449, '打底衫', 435, ''),
(450, '少女文胸', 435, ''),
(451, '抹胸', 435, ''),
(452, '背心/吊带', 435, ''),
(453, '内衣配件', 435, ''),
(454, '泳衣', 435, ''),
(455, '塑身美体', 435, ''),
(456, '美腿袜', 435, ''),
(457, '情趣内衣', 435, ''),
(458, '配饰', 371, ''),
(459, '女士丝巾/围巾/披肩', 458, ''),
(460, '男士腰带/礼盒', 458, ''),
(461, '男士丝巾/围巾', 458, ''),
(462, '防辐射眼镜', 458, ''),
(463, '老花镜', 458, ''),
(464, '贝雷帽', 458, ''),
(465, '真皮手套', 458, ''),
(466, '太阳镜', 458, ''),
(467, '光学镜架/镜片', 458, ''),
(468, '毛线帽', 458, ''),
(469, '棒球帽', 458, ''),
(470, '鸭舌帽', 458, ''),
(471, '礼帽', 458, ''),
(472, '游泳镜', 458, ''),
(473, '口罩', 458, ''),
(474, '围巾/手套/帽子套装', 458, ''),
(475, '女士腰带/礼盒', 458, ''),
(476, '遮阳帽', 458, ''),
(477, '遮阳伞/雨伞', 458, ''),
(478, '防晒手套', 458, ''),
(479, '假领', 458, ''),
(480, '毛线手套', 458, ''),
(481, '耳罩/耳包', 458, ''),
(482, '领带/领结/领带夹', 458, ''),
(483, '装饰眼镜', 458, ''),
(484, '毛线/布面料', 458, ''),
(485, '袖扣', 458, ''),
(486, '钥匙扣', 458, ''),
(487, '珠宝首饰', 371, ''),
(488, '时尚饰品', 487, ''),
(489, '钻石', 487, ''),
(490, '翡翠玉石', 487, ''),
(491, '纯金K金饰品', 487, ''),
(492, '金银投资', 487, ''),
(493, '银饰', 487, ''),
(494, '水晶玛瑙', 487, ''),
(495, '彩宝', 487, ''),
(496, '铂金', 487, ''),
(497, '天然木饰', 487, ''),
(498, '珍珠', 487, ''),
(499, '个护化妆、清洁用品', 0, ''),
(500, '面部护肤', 499, ''),
(501, '清洁', 500, ''),
(502, '护肤', 500, ''),
(503, '面膜', 500, ''),
(504, '剃须', 500, ''),
(505, '套装', 500, ''),
(506, '洗发护发', 499, ''),
(507, '洗发', 506, ''),
(509, '护发', 506, ''),
(510, '染发', 506, ''),
(511, '造型', 506, ''),
(512, '假发', 506, ''),
(513, '套装', 506, ''),
(514, '身体护肤', 499, ''),
(515, '沐浴', 514, ''),
(516, '润肤', 514, ''),
(517, '颈部', 514, ''),
(518, '手足', 514, ''),
(519, '纤体塑形', 514, ''),
(520, '美胸', 514, ''),
(521, '套装', 514, ''),
(522, '口腔护理', 499, ''),
(523, '牙膏/牙粉', 522, ''),
(524, '牙刷/牙线', 522, ''),
(525, '漱口水', 522, ''),
(526, '套装', 522, ''),
(527, '女性护理', 499, ''),
(528, '卫生巾', 527, ''),
(529, '卫生护垫', 527, ''),
(530, '私密护理', 527, ''),
(531, '脱毛膏', 527, ''),
(532, '香水彩妆', 499, ''),
(533, '香水', 532, ''),
(534, '底妆', 532, ''),
(535, '腮红', 532, ''),
(536, '眼部', 532, ''),
(537, '唇部', 532, ''),
(538, '美甲', 532, ''),
(539, '美容工具', 532, ''),
(540, '套装', 532, ''),
(541, '清洁用品', 499, ''),
(542, '纸品湿巾', 541, ''),
(543, '衣物清洁', 541, ''),
(544, '清洁工具', 541, ''),
(545, '家庭清洁', 541, ''),
(546, '一次性用品', 541, ''),
(547, '驱虫用品', 541, ''),
(548, '皮具护理', 541, ''),
(549, '鞋靴、钟表、箱包', 0, ''),
(550, '运动户外', 0, ''),
(551, '汽车、汽车用品', 0, ''),
(552, '母婴、玩具乐器', 0, ''),
(553, '食品、酒类、生鲜、特产', 0, ''),
(554, '营养保健', 0, ''),
(556, '图书、音像、电子书', 0, ''),
(559, 'iphone', 92, '');

-- --------------------------------------------------------

--
-- 表的结构 `jd_clicked_use`
--

CREATE TABLE IF NOT EXISTS `jd_clicked_use` (
  `member_id` mediumint(8) unsigned NOT NULL COMMENT '会员ID',
  `comment_id` mediumint(8) unsigned NOT NULL COMMENT '评论的ID',
  PRIMARY KEY (`member_id`,`comment_id`)
) ENGINE=MyISAM DEFAULT CHARSET=utf8 COMMENT='用户点击过有用的评论';

-- --------------------------------------------------------

--
-- 表的结构 `jd_comment`
--

CREATE TABLE IF NOT EXISTS `jd_comment` (
  `id` mediumint(8) unsigned NOT NULL AUTO_INCREMENT,
  `content` varchar(1000) NOT NULL COMMENT '评论的内容',
  `star` tinyint(3) unsigned NOT NULL DEFAULT '3' COMMENT '打的分',
  `addtime` int(10) unsigned NOT NULL COMMENT '评论时间',
  `member_id` mediumint(8) unsigned NOT NULL COMMENT '会员ID',
  `goods_id` mediumint(8) unsigned NOT NULL COMMENT '商品的ID',
  `used` smallint(5) unsigned NOT NULL DEFAULT '0' COMMENT '有用的数量',
  PRIMARY KEY (`id`),
  KEY `goods_id` (`goods_id`)
) ENGINE=MyISAM  DEFAULT CHARSET=utf8 COMMENT='评论' AUTO_INCREMENT=25 ;

--
-- 转存表中的数据 `jd_comment`
--

INSERT INTO `jd_comment` (`id`, `content`, `star`, `addtime`, `member_id`, `goods_id`, `used`) VALUES
(1, '哈哈哈哈', 5, 1456292189, 18, 2, 0),
(2, '哈哈哈哈', 5, 1456292239, 18, 2, 0),
(3, '呵呵呵哒', 5, 1456293375, 18, 3, 0),
(4, '呵呵哒', 4, 1456293758, 18, 3, 0),
(5, '是的', 5, 1456293829, 18, 3, 0),
(6, '分割', 4, 1456293927, 18, 3, 0),
(7, '的所得税的是', 3, 1456294094, 18, 3, 0),
(8, '的所得税的是', 3, 1456295456, 18, 3, 0),
(9, '实打实的', 3, 1456295460, 18, 3, 0),
(10, '是大三大四 实打实的', 3, 1456295465, 18, 3, 0),
(11, '速度撒的所得税的是的所得税的', 3, 1456295472, 18, 3, 0),
(12, '速度撒的所得税的', 3, 1456295488, 18, 3, 0),
(13, '那边V型从vv撒的发vasv', 4, 1456323398, 18, 3, 0),
(14, 'fdsadasd', 5, 1456379685, 18, 3, 0),
(15, 'dsddfdf', 3, 1456379689, 18, 3, 0),
(16, 'fdfdfdf', 3, 1456379693, 18, 3, 0),
(17, '234234234234', 3, 1456379699, 18, 3, 0),
(18, '23423423', 2, 1456379706, 18, 3, 0),
(19, '543534', 5, 1456379712, 18, 3, 0),
(20, '34234234fgfdgfdg', 3, 1456379718, 18, 3, 0),
(21, '日华傻逼', 3, 1465211533, 27, 2, 0),
(22, 'hg', 3, 1465832509, 27, 2, 0),
(23, '666', 5, 1465832520, 27, 2, 0),
(24, 'hsdj', 3, 1466729608, 27, 1, 0);

-- --------------------------------------------------------

--
-- 表的结构 `jd_goods`
--

CREATE TABLE IF NOT EXISTS `jd_goods` (
  `id` mediumint(8) unsigned NOT NULL AUTO_INCREMENT,
  `goods_name` varchar(45) NOT NULL COMMENT '商品名称',
  `cat_id` smallint(5) unsigned NOT NULL COMMENT '主分类的id',
  `brand_id` smallint(5) unsigned NOT NULL COMMENT '品牌的id',
  `market_price` decimal(10,2) NOT NULL DEFAULT '0.00' COMMENT '市场价',
  `shop_price` decimal(10,2) NOT NULL DEFAULT '0.00' COMMENT '本店价',
  `jifen` int(10) unsigned NOT NULL COMMENT '赠送积分',
  `jyz` int(10) unsigned NOT NULL COMMENT '赠送经验值',
  `jifen_price` int(10) unsigned NOT NULL COMMENT '如果要用积分兑换，需要的积分数',
  `is_promote` tinyint(3) unsigned NOT NULL DEFAULT '0' COMMENT '是否促销',
  `promote_price` decimal(10,2) NOT NULL DEFAULT '0.00' COMMENT '促销价',
  `promote_start_time` int(10) unsigned NOT NULL DEFAULT '0' COMMENT '促销开始时间',
  `promote_end_time` int(10) unsigned NOT NULL DEFAULT '0' COMMENT '促销结束时间',
  `logo` varchar(150) NOT NULL DEFAULT '' COMMENT 'logo原图',
  `sm_logo` varchar(150) NOT NULL DEFAULT '' COMMENT 'logo缩略图',
  `is_hot` tinyint(3) unsigned NOT NULL DEFAULT '0' COMMENT '是否热卖',
  `is_new` tinyint(3) unsigned NOT NULL DEFAULT '0' COMMENT '是否新品',
  `is_best` tinyint(3) unsigned NOT NULL DEFAULT '0' COMMENT '是否精品',
  `is_on_sale` tinyint(3) unsigned NOT NULL DEFAULT '1' COMMENT '是否上架：1：上架，0：下架',
  `seo_keyword` varchar(1024) NOT NULL DEFAULT '' COMMENT 'seo优化[搜索引擎【百度、谷歌等】优化]_关键字',
  `seo_description` varchar(1024) NOT NULL DEFAULT '' COMMENT 'seo优化[搜索引擎【百度、谷歌等】优化]_描述',
  `type_id` mediumint(8) unsigned NOT NULL DEFAULT '0' COMMENT '商品类型id',
  `sort_num` tinyint(3) unsigned NOT NULL DEFAULT '100' COMMENT '排序数字',
  `is_delete` tinyint(3) unsigned NOT NULL DEFAULT '0' COMMENT '是否放到回收站：1：是，0：否',
  `addtime` int(10) unsigned NOT NULL COMMENT '添加时间',
  `goods_desc` longtext COMMENT '商品描述',
  `add_time` int(11) DEFAULT NULL COMMENT '商品添加时间',
  PRIMARY KEY (`id`),
  KEY `shop_price` (`shop_price`),
  KEY `cat_id` (`cat_id`),
  KEY `brand_id` (`brand_id`),
  KEY `is_on_sale` (`is_on_sale`),
  KEY `is_hot` (`is_hot`),
  KEY `is_new` (`is_new`),
  KEY `is_best` (`is_best`),
  KEY `is_delete` (`is_delete`),
  KEY `sort_num` (`sort_num`),
  KEY `promote_start_time` (`promote_start_time`),
  KEY `promote_end_time` (`promote_end_time`),
  KEY `addtime` (`addtime`)
) ENGINE=MyISAM  DEFAULT CHARSET=utf8 AUTO_INCREMENT=10 ;

--
-- 转存表中的数据 `jd_goods`
--

INSERT INTO `jd_goods` (`id`, `goods_name`, `cat_id`, `brand_id`, `market_price`, `shop_price`, `jifen`, `jyz`, `jifen_price`, `is_promote`, `promote_price`, `promote_start_time`, `promote_end_time`, `logo`, `sm_logo`, `is_hot`, `is_new`, `is_best`, `is_on_sale`, `seo_keyword`, `seo_description`, `type_id`, `sort_num`, `is_delete`, `addtime`, `goods_desc`, `add_time`) VALUES
(1, '戴尔（DELL）Ins15M-4528S', 176, 23, 4399.00, 4299.00, 430, 430, 0, 0, 4299.00, 1455120000, 1459353600, 'Uploads/Goods/2016-02-12/56bdf9836b08c.jpg', 'Uploads/Goods/2016-02-12/thumb_0_56bdf9836b08c.jpg', 1, 1, 1, 1, 'DELLIns15MR-4528S,戴尔Ins15MR-4528S,戴尔Ins15MR-4528S报价,DELLIns15MR-4528S报价', '【戴尔Ins15MR-4528S】京东JD.COM提供戴尔Ins15MR-4528S正品行货，全国价格最低，并包括DELLIns15MR-4528S网购指南，以及戴尔Ins15MR-4528S图片、Ins15MR-4528S参数、Ins15MR-4528S评论、Ins15MR-4528S心得、Ins15MR-4528S技巧等信息，网购戴尔Ins15MR-4528S上京东,放心又轻松', 2, 55, 0, 1455161746, '<p><span style="color:rgb(26,26,166);font-family:monospace;font-size:medium;white-space:pre-wrap;"><img src="http://img.baidu.com/hi/jx2/j_0037.gif" alt="j_0037.gif" />【戴尔Ins15MR-4528S】京东JD.COM提供戴尔Ins15MR-4528S正品行货，全国价格最低，并包括DELLIns15MR-4528S网购指南，以及戴尔Ins15MR-4528S图片、Ins15MR-4528S参数、Ins15MR-4528S评论、Ins15MR-4528S心得、Ins15MR-4528S技巧等信息，网购戴尔Ins15MR-4528S上京东,放心又轻松</span></p>', NULL),
(2, '联想（Lenovo）Ideapad 700s', 176, 23, 5099.00, 4999.00, 500, 500, 0, 1, 4899.00, 1455120000, 1459353600, 'Uploads/Goods/2016-02-12/56bdf96d410c4.jpg', 'Uploads/Goods/2016-02-12/thumb_0_56bdf96d410c4.jpg', 1, 1, 1, 1, 'Lenovo700S,联想700S,联想700S报价,Lenovo700S报价', '【联想700S】京东JD.COM提供联想700S正品行货，全国价格最低，并包括Lenovo700S网购指南，以及联想700S图片、700S参数、700S评论、700S心得、700S技巧等信息，网购联想700S上京东,放心又轻松', 2, 60, 0, 1455162637, '<p><span style="color:rgb(26,26,166);font-family:monospace;font-size:medium;white-space:pre-wrap;"><img src="http://img.baidu.com/hi/jx2/j_0045.gif" alt="j_0045.gif" />【联想700S】京东JD.COM提供联想700S正品行货，全国价格最低，并包括Lenovo700S网购指南，以及联想700S图片、700S参数、700S评论、700S心得、700S技巧等信息，网购联想700S上京东,放心又轻松</span></p>', NULL),
(3, '惠普（HP）ENVY 13-d023TU', 176, 25, 5099.00, 4999.00, 500, 500, 0, 1, 4899.00, 1455120000, 1459353600, 'Uploads/Goods/2016-02-12/56bdf95c8f6fd.jpg', 'Uploads/Goods/2016-02-12/thumb_0_56bdf95c8f6fd.jpg', 1, 1, 1, 1, 'HP?ENVY 13-d023TU,惠普?ENVY 13-d023TU,惠普?ENVY 13-d023TU报价,HP?ENVY 13-d023TU报价', '【惠普?ENVY 13-d023TU】京东JD.COM提供惠普?ENVY 13-d023TU正品行货，全国价格最低，并包括HP?ENVY 13-d023TU网购指南，以及惠普?ENVY 13-d023TU图片、?ENVY 13-d023TU参数、?ENVY 13-d023TU评论、?ENVY 13-d023TU心得、?ENVY 13-d023TU技巧等信息，网购惠普?ENVY 13-d023TU上京东,放心又轻松', 2, 75, 0, 1455164505, '<p><span style="color:rgb(26,26,166);font-family:monospace;font-size:medium;white-space:pre-wrap;"><img src="http://img.baidu.com/hi/jx2/j_0024.gif" alt="j_0024.gif" />【惠普?ENVY 13-d023TU】京东JD.COM提供惠普?ENVY 13-d023TU正品行货，全国价格最低，并包括HP?ENVY 13-d023TU网购指南，以及惠普?ENVY 13-d023TU图片、?ENVY 13-d023TU参数、?ENVY 13-d023TU评论、?ENVY 13-d023TU心得、?ENVY 13-d023TU技巧等信息，网购惠普?ENVY 13-d023TU上京东,放心又轻松</span></p>', NULL),
(4, '华硕（ASUS）飞行堡垒FX50JX', 176, 25, 5399.00, 5299.00, 530, 530, 0, 1, 5199.00, 1455120000, 1456675200, 'Uploads/Goods/2016-02-12/56bdf9451cd10.jpg', 'Uploads/Goods/2016-02-12/thumb_0_56bdf9451cd10.jpg', 1, 1, 1, 1, 'ASUS飞行堡垒系列FX50JX,华硕飞行堡垒系列FX50JX,华硕飞行堡垒系列FX50JX报价,ASUS飞行堡垒系列FX50JX报价', '【华硕飞行堡垒系列FX50JX】京东JD.COM提供华硕飞行堡垒系列FX50JX正品行货，全国价格最低，并包括ASUS飞行堡垒系列FX50JX网购指南，以及华硕飞行堡垒系列FX50JX图片、飞行堡垒系列FX50JX参数、飞行堡垒系列FX50JX评论、飞行堡垒系列FX50JX心得、飞行堡垒系列FX50JX技巧等信息，网购华硕飞行堡垒系列FX50JX上京东,放心又轻松', 2, 45, 0, 1455165496, '<p><span style="color:rgb(26,26,166);font-family:monospace;font-size:medium;white-space:pre-wrap;">【华硕飞行堡垒系列FX50JX】京东JD.COM提供华硕飞行堡垒系列FX50JX正品行货，全国价格最低，并包括ASUS飞行堡垒系列FX50JX网购指南，以及华硕飞行堡垒系列FX50JX图片、飞行堡垒系列FX50JX参数、飞行堡垒系列FX50JX评论、飞行堡垒系列FX50JX心得、飞行堡垒系列FX50JX技巧等信息，网购华硕飞行堡垒系列FX50JX上京东,放心又轻松</span><img src="http://img.baidu.com/hi/jx2/j_0048.gif" alt="j_0048.gif" /></p>', NULL),
(5, '三星（SAMSUNG）500R4K-X03', 176, 22, 4288.00, 4188.00, 420, 420, 0, 0, 4099.00, 1455120000, 1459353600, 'Uploads/Goods/2016-02-12/56bdf92692941.jpg', 'Uploads/Goods/2016-02-12/thumb_0_56bdf92692941.jpg', 1, 1, 1, 1, '三星（SAMSUNG）500R4K-X03 14英寸笔记本电脑 I5 独显 WIN10 象牙白,三星（SAMSUNG）,,京东,网上购物', '三星（SAMSUNG）500R4K-X03 14英寸笔记本电脑 I5 独显 WIN10 象牙白图片、价格、品牌样样齐全！【京东正品行货，全国配送，心动不如行动，立即购买享受更多优惠哦！】', 2, 6, 0, 1455166668, '<p><span style="color:rgb(26,26,166);font-family:monospace;font-size:medium;white-space:pre-wrap;">三星（SAMSUNG）500R4K-X03 14英寸笔记本电脑 I5 独显 WIN10 象牙白图片、价格、品牌样样齐全！【京东正品行货，全国配送，心动不如行动，立即购买享受更多优惠哦！】</span><img src="http://img.baidu.com/hi/jx2/j_0080.gif" alt="j_0080.gif" /></p>', NULL),
(6, '魅族 魅蓝note2', 91, 9, 819.00, 799.00, 80, 80, 0, 1, 799.00, 1455120000, 1456675200, 'Uploads/Goods/2016-02-12/56bdf91363d13.jpg', 'Uploads/Goods/2016-02-12/thumb_0_56bdf91363d13.jpg', 1, 1, 1, 1, 'MEIZU 魅蓝note2,魅族 魅蓝note2,魅族 魅蓝note2报价,MEIZU 魅蓝note2报价', '【魅族 魅蓝note2】京东JD.COM提供魅族 魅蓝note2正品行货，全国价格最低，并包括MEIZU 魅蓝note2网购指南，以及魅族 魅蓝note2图片、 魅蓝note2参数、 魅蓝note2评论、 魅蓝note2心得、 魅蓝note2技巧等信息，网购魅族 魅蓝note2上京东,放心又轻松', 1, 40, 0, 1455169936, '<p><span style="color:rgb(26,26,166);font-family:monospace;font-size:medium;white-space:pre-wrap;">【魅族 魅蓝note2】京东JD.COM提供魅族 魅蓝note2正品行货，全国价格最低，并包括MEIZU 魅蓝note2网购指南，以及魅族 魅蓝note2图片、 魅蓝note2参数、 魅蓝note2评论、 魅蓝note2心得、 魅蓝note2技巧等信息，网购魅族 魅蓝note2上京东,放心又轻松</span><img src="http://img.baidu.com/hi/jx2/j_0013.gif" alt="j_0013.gif" /></p>', NULL),
(7, '长虹（CHANGHONG）65S1', 1, 27, 5799.00, 5599.00, 560, 560, 0, 0, 0.00, 1455206400, 1456675200, 'Uploads/Goods/2016-02-12/56bdf901c9413.jpg', 'Uploads/Goods/2016-02-12/thumb_0_56bdf901c9413.jpg', 1, 1, 1, 1, 'CHANGHONG65S1,长虹65S1,长虹65S1报价,CHANGHONG65S1报价', '【长虹65S1】京东JD.COM提供长虹65S1正品行货，全国价格最低，并包括CHANGHONG65S1网购指南，以及长虹65S1图片、65S1参数、65S1评论、65S1心得、65S1技巧等信息，网购长虹65S1上京东,放心又轻松', 3, 10, 0, 1455281971, '<p><span style="color:rgb(26,26,166);font-family:monospace;font-size:medium;white-space:pre-wrap;">【长虹65S1】京东JD.COM提供长虹65S1正品行货，全国价格最低，并包括CHANGHONG65S1网购指南，以及长虹65S1图片、65S1参数、65S1评论、65S1心得、65S1技巧等信息，网购长虹65S1上京东,放心又轻松</span><img src="http://img.baidu.com/hi/jx2/j_0026.gif" alt="j_0026.gif" /></p>', NULL),
(8, '小米4', 91, 18, 1299.00, 1199.00, 110, 110, 0, 1, 1099.00, 1455206400, 1459353600, 'Uploads/Goods/2016-02-12/56bdf8eb89e5d.jpg', 'Uploads/Goods/2016-02-12/thumb_0_56bdf8eb89e5d.jpg', 1, 1, 1, 1, 'MIMI4,小米MI4,小米MI4报价,MIMI4报价', '【小米MI4】京东JD.COM提供小米MI4正品行货，全国价格最低，并包括MIMI4网购指南，以及小米MI4图片、MI4参数、MI4评论、MI4心得、MI4技巧等信息，网购小米MI4上京东,放心又轻松', 1, 25, 0, 1455287625, '<p><span style="color:rgb(26,26,166);font-family:monospace;font-size:medium;white-space:pre-wrap;">【小米MI4】京东JD.COM提供小米MI4正品行货，全国价格最低，并包括MIMI4网购指南，以及小米MI4图片、MI4参数、MI4评论、MI4心得、MI4技巧等信息，网购小米MI4上京东,放心又轻松</span><img src="http://img.baidu.com/hi/jx2/j_0028.gif" alt="j_0028.gif" /></p>', NULL),
(9, '七匹狼羽绒服 秋冬新品', 371, 28, 600.00, 579.00, 58, 58, 0, 0, 560.00, 1455206400, 1459267200, 'Uploads/Goods/2016-02-13/56bf1d3f5355f.jpg', 'Uploads/Goods/2016-02-13/thumb_0_56bf1d3f5355f.jpg', 1, 1, 1, 1, '【线下同款】七匹狼羽绒服 秋冬新品 男士拼接立领短款厚羽绒 不易钻绒 7018626 深蓝色 175-52-A版,七匹狼（SEPTWOLVES）,,京东,网上购物', '【线下同款】七匹狼羽绒服 秋冬新品 男士拼接立领短款厚羽绒 不易钻绒 7018626 深蓝色 175-52-A版图片、价格、品牌样样齐全！【京东正品行货，全国配送，心动不如行动，立即购买享受更多优惠哦！】', 4, 5, 0, 1455365439, '<p><span style="color:rgb(26,26,166);font-family:monospace;font-size:medium;white-space:pre-wrap;">【线下同款】七匹狼羽绒服 秋冬新品 男士拼接立领短款厚羽绒 不易钻绒 7018626 深蓝色 175-52-A版图片、价格、品牌样样齐全！【京东正品行货，全国配送，心动不如行动，立即购买享受更多优惠哦！】</span><img src="http://img.baidu.com/hi/jx2/j_0003.gif" alt="j_0003.gif" /></p>', NULL);

-- --------------------------------------------------------

--
-- 表的结构 `jd_goods_attr`
--

CREATE TABLE IF NOT EXISTS `jd_goods_attr` (
  `id` int(10) unsigned NOT NULL AUTO_INCREMENT,
  `goods_id` mediumint(8) unsigned NOT NULL COMMENT '商品的id',
  `attr_id` mediumint(8) unsigned NOT NULL COMMENT '属性的id',
  `attr_value` varchar(150) NOT NULL DEFAULT '' COMMENT '属性的值',
  `attr_price` decimal(10,2) NOT NULL DEFAULT '0.00' COMMENT '属性的价格',
  PRIMARY KEY (`id`),
  KEY `goods_id` (`goods_id`),
  KEY `attr_id` (`attr_id`)
) ENGINE=MyISAM  DEFAULT CHARSET=utf8 COMMENT='商品属性' AUTO_INCREMENT=485 ;

--
-- 转存表中的数据 `jd_goods_attr`
--

INSERT INTO `jd_goods_attr` (`id`, `goods_id`, `attr_id`, `attr_value`, `attr_price`) VALUES
(267, 2, 27, '16GB', 300.00),
(266, 2, 27, '8GB', 100.00),
(265, 2, 27, '4GB', 0.00),
(264, 2, 26, 'Intel', 0.00),
(263, 2, 25, '笔记本', 0.00),
(262, 1, 57, '黑色', 0.00),
(258, 1, 42, 'Intel i7', 200.00),
(259, 1, 57, '白色', 100.00),
(260, 1, 57, '红色', 100.00),
(261, 1, 57, '金色', 100.00),
(289, 2, 42, 'Intel i3', 0.00),
(288, 2, 41, 'windows10', 0.00),
(287, 2, 57, '金色', 200.00),
(286, 2, 57, '红色', 100.00),
(413, 7, 45, '中国大陆', 0.00),
(412, 7, 44, '31.5kg', 0.00),
(411, 7, 43, '2237207', 0.00),
(257, 1, 42, 'Intel i5', 100.00),
(256, 1, 42, 'Intel i3', 0.00),
(255, 1, 41, 'windows10', 0.00),
(254, 1, 39, '1308549', 0.00),
(253, 1, 38, '3.13kg', 0.00),
(252, 1, 37, 'LED', 0.00),
(251, 1, 36, '1366*768', 0.00),
(250, 1, 35, '16:9', 0.00),
(249, 1, 34, '16.5英寸', 0.00),
(247, 1, 32, '', 300.00),
(248, 1, 33, '无光驱', 0.00),
(268, 2, 28, 'DDR3L', 0.00),
(244, 1, 30, '独立显卡', 0.00),
(245, 1, 31, 'DDR3L', 0.00),
(246, 1, 32, '2GB', 0.00),
(243, 1, 30, '集成+独立', 200.00),
(242, 1, 30, '集成显卡', 100.00),
(241, 1, 29, '1TB', 400.00),
(240, 1, 29, '500GB', 0.00),
(234, 1, 25, '笔记本', 0.00),
(235, 1, 26, 'Intel', 0.00),
(236, 1, 27, '4GB', 0.00),
(237, 1, 27, '8GB', 100.00),
(238, 1, 27, '16GB', 200.00),
(239, 1, 28, 'DDR3L', 0.00),
(285, 2, 57, '白色', 100.00),
(284, 2, 57, '黑色', 0.00),
(281, 2, 37, 'LED', 0.00),
(282, 2, 38, '3.25kg', 0.00),
(283, 2, 39, '2156353', 0.00),
(280, 2, 36, '1366*768', 0.00),
(279, 2, 35, '16:9', 0.00),
(278, 2, 34, '16英寸', 0.00),
(277, 2, 33, '无光驱', 0.00),
(276, 2, 32, '4GB', 200.00),
(274, 2, 31, 'DDR3L', 0.00),
(275, 2, 32, '2GB', 0.00),
(273, 2, 30, '集成+独立', 200.00),
(272, 2, 30, '独立显卡', 0.00),
(271, 2, 30, '集成显卡', 100.00),
(269, 2, 29, '500GB', 0.00),
(270, 2, 29, '1TB', 100.00),
(300, 3, 30, '独立显卡', 0.00),
(299, 3, 29, '1TB', 200.00),
(298, 3, 29, '500GB', 0.00),
(297, 3, 28, 'DDR3L', 0.00),
(296, 3, 27, '16GB', 200.00),
(295, 3, 27, '8GB', 100.00),
(294, 3, 27, '4GB', 0.00),
(293, 3, 26, 'Intel', 0.00),
(292, 3, 25, '笔记本', 0.00),
(291, 2, 42, 'Intel i7', 200.00),
(290, 2, 42, 'Intel i5', 100.00),
(301, 3, 30, '集成显卡', 100.00),
(302, 3, 30, '集成+独立', 200.00),
(303, 3, 31, 'DDR3L', 0.00),
(304, 3, 32, '2GB', 0.00),
(305, 3, 32, '4GB', 200.00),
(306, 3, 33, '有光驱', 0.00),
(307, 3, 34, '16英寸', 0.00),
(308, 3, 35, '16:9', 0.00),
(309, 3, 36, '1366*768', 0.00),
(310, 3, 37, 'TFT', 0.00),
(311, 3, 38, '2.95kg', 0.00),
(312, 3, 39, '2156394', 0.00),
(313, 3, 57, '黑色', 0.00),
(314, 3, 57, '白色', 100.00),
(315, 3, 57, '红色', 50.00),
(316, 3, 57, '金色', 150.00),
(317, 3, 41, 'windows8', 0.00),
(318, 3, 42, 'Intel i5', 200.00),
(319, 3, 42, 'Intel i7', 500.00),
(320, 3, 42, 'Intel i3', 0.00),
(321, 4, 25, '游戏本', 0.00),
(322, 4, 26, 'Intel', 0.00),
(323, 4, 27, '4GB', 0.00),
(324, 4, 27, '8GB', 100.00),
(325, 4, 27, '16GB', 300.00),
(326, 4, 28, 'DDR3L', 0.00),
(327, 4, 29, '500GB', 0.00),
(328, 4, 29, '1TB', 100.00),
(329, 4, 30, '独立显卡', 0.00),
(330, 4, 30, '集成显卡', 100.00),
(331, 4, 30, '集成+独立', 200.00),
(332, 4, 31, 'DDR3L', 0.00),
(333, 4, 32, '2GB', 0.00),
(334, 4, 32, '4GB', 500.00),
(335, 4, 33, '无光驱', 0.00),
(336, 4, 34, '16英寸', 0.00),
(337, 4, 35, '16:9', 0.00),
(338, 4, 36, '1366*768', 0.00),
(339, 4, 37, 'LED', 0.00),
(340, 4, 38, '3.25kg', 0.00),
(341, 4, 39, '1664594', 0.00),
(342, 4, 57, '白色', 100.00),
(343, 4, 57, '红色', 100.00),
(344, 4, 57, '金色', 100.00),
(345, 4, 57, '黑色', 0.00),
(346, 4, 41, 'windows10', 0.00),
(347, 4, 42, 'Intel i7', 200.00),
(348, 4, 42, 'Intel i3', 0.00),
(349, 4, 42, 'Intel i5', 50.00),
(350, 5, 25, '游戏本', 0.00),
(351, 5, 26, 'Intel', 0.00),
(352, 5, 27, '4GB', 0.00),
(353, 5, 27, '8GB', 100.00),
(354, 5, 27, '16GB', 300.00),
(355, 5, 28, 'DDR3', 0.00),
(356, 5, 29, '500GB', 0.00),
(357, 5, 29, '1TB', 500.00),
(358, 5, 30, '集成显卡', 100.00),
(359, 5, 30, '独立显卡', 0.00),
(360, 5, 30, '集成+独立', 200.00),
(361, 5, 31, 'DDR3', 0.00),
(364, 5, 33, '有光驱', 0.00),
(365, 5, 34, '16英寸', 0.00),
(366, 5, 35, '16:9', 0.00),
(367, 5, 36, '1366*768', 0.00),
(368, 5, 37, 'TFT', 0.00),
(369, 5, 38, '3.21kg', 0.00),
(370, 5, 39, '1763160885', 0.00),
(371, 5, 57, '白色', 100.00),
(372, 5, 57, '红色', 100.00),
(373, 5, 57, '金色', 100.00),
(374, 5, 57, '黑色', 0.00),
(375, 5, 41, 'windows10', 0.00),
(376, 5, 42, 'Intel i3', 0.00),
(377, 5, 42, 'Intel i5', 100.00),
(378, 5, 42, 'Intel i7', 200.00),
(379, 6, 1, '黑色', 0.00),
(380, 6, 1, '白色', 80.00),
(381, 6, 1, '金色', 80.00),
(382, 6, 1, '蓝色', 100.00),
(383, 6, 3, '5.5英寸', 0.00),
(384, 6, 4, '1920×1080(FHD,1080P)', 0.00),
(385, 6, 5, '1300万像素', 0.00),
(386, 6, 6, '500万像素', 0.00),
(387, 6, 7, '八核', 0.00),
(388, 6, 8, '1.3GHz', 0.00),
(389, 6, 9, '340.0g', 0.00),
(390, 6, 10, '1603609', 0.00),
(391, 6, 11, 'Flyme 4.5（基于Android 5.1）', 0.00),
(392, 6, 12, '联发科（MTK)', 0.00),
(393, 6, 13, 'MT6753', 0.00),
(394, 6, 14, '16GB', 0.00),
(395, 6, 14, '32GB', 100.00),
(396, 6, 14, '64GB', 200.00),
(397, 6, 16, '移动4G', 0.00),
(398, 6, 16, '联通4G', 0.00),
(399, 6, 16, '电信4G', 0.00),
(400, 6, 15, '1GB', 0.00),
(401, 6, 15, '2GB', 100.00),
(402, 6, 15, '3GB', 200.00),
(403, 6, 17, '移动3G(TD-SCDMA)', 0.00),
(404, 6, 18, '移动2G', 0.00),
(405, 6, 19, 'FDD-LTE', 0.00),
(406, 6, 20, '电容屏', 0.00),
(407, 6, 21, '1600万色', 0.00),
(408, 6, 22, 'CMOS', 0.00),
(409, 6, 23, '双LED补光灯', 0.00),
(410, 6, 24, '数码变焦', 0.00),
(414, 7, 46, '智能电视', 0.00),
(415, 7, 47, '全高清（1920x1080）', 0.00),
(416, 7, 48, '65S1', 0.00),
(417, 7, 49, '智能电视', 0.00),
(418, 7, 50, '白色', 100.00),
(419, 7, 50, '红色', 100.00),
(420, 7, 50, '金色', 100.00),
(421, 7, 50, '黑色', 0.00),
(422, 7, 51, '二级', 0.00),
(423, 7, 52, '43英寸', 0.00),
(424, 7, 52, '49英寸', 500.00),
(425, 7, 52, '55英寸', 1000.00),
(426, 7, 53, '16:9', 0.00),
(427, 7, 54, 'Andriod4.4', 0.00),
(428, 7, 55, '4*A7', 0.00),
(429, 8, 1, '白色', 100.00),
(430, 8, 1, '黑色', 0.00),
(431, 8, 1, '金色', 100.00),
(432, 8, 1, '蓝色', 100.00),
(433, 8, 3, '5.0英寸', 0.00),
(434, 8, 4, '1920×1080(FHD,1080P)', 0.00),
(435, 8, 5, '1300万像素', 0.00),
(436, 8, 6, '800万像素', 0.00),
(437, 8, 7, '四核', 0.00),
(438, 8, 8, '2.5GHz', 0.00),
(439, 8, 9, '410.00g', 0.00),
(440, 8, 10, '1514794', 0.00),
(441, 8, 11, '安卓（Android）', 0.00),
(442, 8, 12, 'Qualcomm 骁龙', 0.00),
(443, 8, 14, '16GB', 0.00),
(444, 8, 14, '32GB', 200.00),
(445, 8, 14, '64GB', 400.00),
(446, 8, 16, '移动4G', 0.00),
(447, 8, 16, '联通4G', 0.00),
(448, 8, 16, '电信4G', 0.00),
(449, 8, 15, '1GB', 0.00),
(450, 8, 15, '2GB', 100.00),
(451, 8, 15, '3GB', 200.00),
(452, 8, 17, '移动3G(TD-SCDMA)', 0.00),
(453, 8, 17, '联通3G(WCDMA)', 0.00),
(454, 8, 17, '电信3G(CDMA2000)', 0.00),
(455, 8, 18, '移动2G', 0.00),
(456, 8, 18, '联通2G(GSM)', 0.00),
(457, 8, 18, '电信2G(CDMA)', 0.00),
(458, 8, 19, 'CDMA', 0.00),
(459, 8, 20, '电容屏', 0.00),
(460, 8, 21, '1600万色', 0.00),
(461, 8, 22, 'ddll', 0.00),
(462, 8, 23, 'LED补光灯', 0.00),
(463, 8, 24, '数码变焦', 0.00),
(464, 9, 58, '200g', 0.00),
(465, 9, 59, '军校蓝', 0.00),
(466, 9, 59, '粟色', 0.00),
(467, 9, 60, '羽绒服', 0.00),
(468, 9, 61, '', 0.00),
(469, 9, 62, '1706748529', 0.00),
(470, 9, 63, '111470701826', 0.00),
(471, 9, 64, '一般', 0.00),
(472, 9, 64, '加厚', 20.00),
(473, 9, 65, 'M', 0.00),
(474, 9, 65, 'L', 0.00),
(475, 9, 65, 'XL', 0.00),
(476, 9, 65, 'XXL', 5.00),
(477, 9, 65, 'XXXL', 10.00),
(478, 9, 66, '简约', 0.00),
(479, 9, 67, '中长', 0.00),
(480, 9, 68, '中年', 0.00),
(481, 9, 69, 'O型', 0.00),
(482, 9, 70, '朴素', 0.00),
(483, 9, 71, '无', 0.00),
(484, 5, 32, '2GB', 0.00);

-- --------------------------------------------------------

--
-- 表的结构 `jd_goods_cat`
--

CREATE TABLE IF NOT EXISTS `jd_goods_cat` (
  `goods_id` mediumint(8) unsigned NOT NULL COMMENT '商品id',
  `cat_id` smallint(5) unsigned NOT NULL COMMENT '分类id',
  KEY `goods_id` (`goods_id`),
  KEY `cat_id` (`cat_id`)
) ENGINE=MyISAM DEFAULT CHARSET=utf8 COMMENT='商品扩展分类表';

--
-- 转存表中的数据 `jd_goods_cat`
--

INSERT INTO `jd_goods_cat` (`goods_id`, `cat_id`) VALUES
(2, 178),
(3, 177),
(9, 372),
(1, 178),
(1, 177),
(3, 178),
(2, 177),
(8, 93),
(8, 92),
(7, 3),
(4, 177),
(4, 178),
(4, 180),
(5, 180),
(5, 178),
(5, 177),
(7, 2),
(6, 92),
(6, 93),
(9, 373);

-- --------------------------------------------------------

--
-- 表的结构 `jd_goods_number`
--

CREATE TABLE IF NOT EXISTS `jd_goods_number` (
  `goods_id` mediumint(8) unsigned NOT NULL COMMENT '商品的id',
  `goods_number` int(10) unsigned NOT NULL COMMENT '库存量',
  `goods_attr_id` varchar(150) NOT NULL COMMENT '商品属性ID列表-注释：这里的ID保存的是上面jd_goods_attr表中的ID，通过这个ID即可以知道值是什么也可以是知道属性是什么,如果有多个ID组合就用，号隔开保存一个字符串，并且存时要按ID的升序存,将来前台查询库存量时也要先把商品属性ID升序拼成字符串然后查询数据库',
  KEY `goods_id` (`goods_id`)
) ENGINE=MyISAM DEFAULT CHARSET=utf8 COMMENT='商品库存量';

--
-- 转存表中的数据 `jd_goods_number`
--

INSERT INTO `jd_goods_number` (`goods_id`, `goods_number`, `goods_attr_id`) VALUES
(4, 300, '325,328,330,334,343,348'),
(5, 100, '354,356,359,363,373,377'),
(5, 300, '353,357,360,362,372,377'),
(5, 400, '352,356,358,363,371,376'),
(4, 400, '324,327,329,333,343,349'),
(4, 800, '323,327,331,334,343,349'),
(4, 600, '323,327,331,333,345,349'),
(5, 600, '352,357,358,362,374,377'),
(3, 300, '295,299,300,305,313,318'),
(3, 100, '294,298,301,304,314,319'),
(3, 2000, '296,298,302,305,315,320'),
(3, 800, '295,299,300,304,314,318'),
(3, 600, '294,299,302,305,315,320'),
(2, 800, '267,270,271,275,284,290'),
(2, 400, '265,270,273,275,287,291'),
(2, 100, '266,269,272,276,285,289'),
(1, 400, '237,240,242,247,257,260'),
(1, 600, '236,241,243,246,258,259'),
(8, 400, '432,445,446,449,452,455'),
(8, 300, '431,443,447,450,453,456'),
(8, 300, '429,444,448,451,454,457'),
(7, 299, '419,423'),
(7, 600, '418,424'),
(7, 800, '421,425'),
(6, 800, '382,396,398,401'),
(6, 100, '381,394,399,402'),
(6, 600, '379,394,398,400'),
(6, 300, '380,396,397,400'),
(8, 300, '429,443,448,449,454,457'),
(2, 100, '267,269,273,276,287,289'),
(2, 100, '267,269,273,275,287,289'),
(9, 100, '465,471,473'),
(4, 100, '323,328,329,334,343,347'),
(4, 600, '325,327,331,333,345,349');

-- --------------------------------------------------------

--
-- 表的结构 `jd_goods_pics`
--

CREATE TABLE IF NOT EXISTS `jd_goods_pics` (
  `id` mediumint(8) unsigned NOT NULL AUTO_INCREMENT,
  `pic` varchar(150) NOT NULL COMMENT '图片',
  `sm_pic` varchar(150) NOT NULL COMMENT '缩略图',
  `goods_id` mediumint(8) unsigned NOT NULL COMMENT '商品的id',
  PRIMARY KEY (`id`),
  KEY `goods_id` (`goods_id`)
) ENGINE=MyISAM  DEFAULT CHARSET=utf8 COMMENT='商品图片' AUTO_INCREMENT=105 ;

--
-- 转存表中的数据 `jd_goods_pics`
--

INSERT INTO `jd_goods_pics` (`id`, `pic`, `sm_pic`, `goods_id`) VALUES
(69, 'Uploads/Goods/2016-02-11/56bc103971b2c.jpg', 'Uploads/Goods/2016-02-11/thumb_0_56bc103971b2c.jpg', 4),
(68, 'Uploads/Goods/2016-02-11/56bc10396378c.jpg', 'Uploads/Goods/2016-02-11/thumb_0_56bc10396378c.jpg', 4),
(67, 'Uploads/Goods/2016-02-11/56bc103953dd5.jpg', 'Uploads/Goods/2016-02-11/thumb_0_56bc103953dd5.jpg', 4),
(66, 'Uploads/Goods/2016-02-11/56bc103945c9e.jpg', 'Uploads/Goods/2016-02-11/thumb_0_56bc103945c9e.jpg', 4),
(65, 'Uploads/Goods/2016-02-11/56bc103934d59.jpg', 'Uploads/Goods/2016-02-11/thumb_0_56bc103934d59.jpg', 4),
(64, 'Uploads/Goods/2016-02-11/56bc103925d71.jpg', 'Uploads/Goods/2016-02-11/thumb_0_56bc103925d71.jpg', 4),
(63, 'Uploads/Goods/2016-02-11/56bc103917844.jpg', 'Uploads/Goods/2016-02-11/thumb_0_56bc103917844.jpg', 4),
(44, 'Uploads/Goods/2016-02-11/56bc01935e4eb.jpg', 'Uploads/Goods/2016-02-11/thumb_0_56bc01935e4eb.jpg', 1),
(45, 'Uploads/Goods/2016-02-11/56bc01936bb9e.jpg', 'Uploads/Goods/2016-02-11/thumb_0_56bc01936bb9e.jpg', 1),
(46, 'Uploads/Goods/2016-02-11/56bc019378d12.jpg', 'Uploads/Goods/2016-02-11/thumb_0_56bc019378d12.jpg', 1),
(47, 'Uploads/Goods/2016-02-11/56bc019385dc3.jpg', 'Uploads/Goods/2016-02-11/thumb_0_56bc019385dc3.jpg', 1),
(48, 'Uploads/Goods/2016-02-11/56bc019392e10.jpg', 'Uploads/Goods/2016-02-11/thumb_0_56bc019392e10.jpg', 1),
(50, 'Uploads/Goods/2016-02-11/56bc050dc3c84.jpg', 'Uploads/Goods/2016-02-11/thumb_0_56bc050dc3c84.jpg', 2),
(51, 'Uploads/Goods/2016-02-11/56bc050dd0dc9.jpg', 'Uploads/Goods/2016-02-11/thumb_0_56bc050dd0dc9.jpg', 2),
(52, 'Uploads/Goods/2016-02-11/56bc050dde204.jpg', 'Uploads/Goods/2016-02-11/thumb_0_56bc050dde204.jpg', 2),
(53, 'Uploads/Goods/2016-02-11/56bc050debfbb.jpg', 'Uploads/Goods/2016-02-11/thumb_0_56bc050debfbb.jpg', 2),
(54, 'Uploads/Goods/2016-02-11/56bc050e07b04.jpg', 'Uploads/Goods/2016-02-11/thumb_0_56bc050e07b04.jpg', 2),
(56, 'Uploads/Goods/2016-02-11/56bc0c59a90e1.jpg', 'Uploads/Goods/2016-02-11/thumb_0_56bc0c59a90e1.jpg', 3),
(57, 'Uploads/Goods/2016-02-11/56bc0c59b6d8f.jpg', 'Uploads/Goods/2016-02-11/thumb_0_56bc0c59b6d8f.jpg', 3),
(58, 'Uploads/Goods/2016-02-11/56bc0c59c42ac.jpg', 'Uploads/Goods/2016-02-11/thumb_0_56bc0c59c42ac.jpg', 3),
(59, 'Uploads/Goods/2016-02-11/56bc0c59d1cdd.jpg', 'Uploads/Goods/2016-02-11/thumb_0_56bc0c59d1cdd.jpg', 3),
(60, 'Uploads/Goods/2016-02-11/56bc0c59df61a.jpg', 'Uploads/Goods/2016-02-11/thumb_0_56bc0c59df61a.jpg', 3),
(61, 'Uploads/Goods/2016-02-11/56bc0c59ece13.jpg', 'Uploads/Goods/2016-02-11/thumb_0_56bc0c59ece13.jpg', 3),
(70, 'Uploads/Goods/2016-02-11/56bc103985f2f.jpg', 'Uploads/Goods/2016-02-11/thumb_0_56bc103985f2f.jpg', 4),
(72, 'Uploads/Goods/2016-02-11/56bc14ccda2d1.jpg', 'Uploads/Goods/2016-02-11/thumb_0_56bc14ccda2d1.jpg', 5),
(73, 'Uploads/Goods/2016-02-11/56bc14cce6f05.jpg', 'Uploads/Goods/2016-02-11/thumb_0_56bc14cce6f05.jpg', 5),
(74, 'Uploads/Goods/2016-02-11/56bc14cd005a0.jpg', 'Uploads/Goods/2016-02-11/thumb_0_56bc14cd005a0.jpg', 5),
(75, 'Uploads/Goods/2016-02-11/56bc14cd0d4b7.jpg', 'Uploads/Goods/2016-02-11/thumb_0_56bc14cd0d4b7.jpg', 5),
(77, 'Uploads/Goods/2016-02-11/56bc21916d561.jpg', 'Uploads/Goods/2016-02-11/thumb_0_56bc21916d561.jpg', 6),
(78, 'Uploads/Goods/2016-02-11/56bc219191c66.jpg', 'Uploads/Goods/2016-02-11/thumb_0_56bc219191c66.jpg', 6),
(79, 'Uploads/Goods/2016-02-11/56bc2191b61ec.jpg', 'Uploads/Goods/2016-02-11/thumb_0_56bc2191b61ec.jpg', 6),
(80, 'Uploads/Goods/2016-02-11/56bc2191d7ea3.jpg', 'Uploads/Goods/2016-02-11/thumb_0_56bc2191d7ea3.jpg', 6),
(81, 'Uploads/Goods/2016-02-11/56bc21920744d.jpg', 'Uploads/Goods/2016-02-11/thumb_0_56bc21920744d.jpg', 6),
(83, 'Uploads/Goods/2016-02-12/56bdd8256a896.jpg', 'Uploads/Goods/2016-02-12/thumb_0_56bdd8256a896.jpg', 7),
(84, 'Uploads/Goods/2016-02-12/56bdd8258bde6.jpg', 'Uploads/Goods/2016-02-12/thumb_0_56bdd8258bde6.jpg', 7),
(85, 'Uploads/Goods/2016-02-12/56bdd825bf7bc.jpg', 'Uploads/Goods/2016-02-12/thumb_0_56bdd825bf7bc.jpg', 7),
(86, 'Uploads/Goods/2016-02-12/56bdd825e0d52.jpg', 'Uploads/Goods/2016-02-12/thumb_0_56bdd825e0d52.jpg', 7),
(87, 'Uploads/Goods/2016-02-12/56bdd8260d19a.jpg', 'Uploads/Goods/2016-02-12/thumb_0_56bdd8260d19a.jpg', 7),
(88, 'Uploads/Goods/2016-02-12/56bdd82631312.jpg', 'Uploads/Goods/2016-02-12/thumb_0_56bdd82631312.jpg', 7),
(89, 'Uploads/Goods/2016-02-12/56bded905add3.jpg', 'Uploads/Goods/2016-02-12/thumb_0_56bded905add3.jpg', 8),
(90, 'Uploads/Goods/2016-02-12/56bded9082fd9.jpg', 'Uploads/Goods/2016-02-12/thumb_0_56bded9082fd9.jpg', 8),
(92, 'Uploads/Goods/2016-02-12/56bded90c71ca.jpg', 'Uploads/Goods/2016-02-12/thumb_0_56bded90c71ca.jpg', 8),
(93, 'Uploads/Goods/2016-02-12/56bded90e871b.jpg', 'Uploads/Goods/2016-02-12/thumb_0_56bded90e871b.jpg', 8),
(94, 'Uploads/Goods/2016-02-12/56bded9117d54.jpg', 'Uploads/Goods/2016-02-12/thumb_0_56bded9117d54.jpg', 8),
(95, 'Uploads/Goods/2016-02-12/56bded913c117.jpg', 'Uploads/Goods/2016-02-12/thumb_0_56bded913c117.jpg', 8),
(96, 'Uploads/Goods/2016-02-12/56bded915e21d.jpg', 'Uploads/Goods/2016-02-12/thumb_0_56bded915e21d.jpg', 8),
(97, 'Uploads/Goods/2016-02-12/56bded9183788.jpg', 'Uploads/Goods/2016-02-12/thumb_0_56bded9183788.jpg', 8),
(98, 'Uploads/Goods/2016-02-12/56bded91a6cc6.jpg', 'Uploads/Goods/2016-02-12/thumb_0_56bded91a6cc6.jpg', 8),
(101, 'Uploads/Goods/2016-02-13/56bf1d4627a26.jpg', 'Uploads/Goods/2016-02-13/thumb_0_56bf1d4627a26.jpg', 9),
(102, 'Uploads/Goods/2016-02-13/56bf1d4650b69.jpg', 'Uploads/Goods/2016-02-13/thumb_0_56bf1d4650b69.jpg', 9),
(103, 'Uploads/Goods/2016-02-13/56bf1d4676043.jpg', 'Uploads/Goods/2016-02-13/thumb_0_56bf1d4676043.jpg', 9),
(104, 'Uploads/Goods/2016-02-13/56bf1d46a69d7.jpg', 'Uploads/Goods/2016-02-13/thumb_0_56bf1d46a69d7.jpg', 9);

-- --------------------------------------------------------

--
-- 表的结构 `jd_impression`
--

CREATE TABLE IF NOT EXISTS `jd_impression` (
  `id` mediumint(8) unsigned NOT NULL AUTO_INCREMENT,
  `imp_name` varchar(30) NOT NULL COMMENT '印象的标题',
  `imp_count` smallint(5) unsigned NOT NULL DEFAULT '1' COMMENT '印象出现的次数',
  `goods_id` mediumint(8) unsigned NOT NULL COMMENT '商品ID',
  PRIMARY KEY (`id`),
  KEY `goods_id` (`goods_id`)
) ENGINE=MyISAM  DEFAULT CHARSET=utf8 COMMENT='印象' AUTO_INCREMENT=15 ;

--
-- 转存表中的数据 `jd_impression`
--

INSERT INTO `jd_impression` (`id`, `imp_name`, `imp_count`, `goods_id`) VALUES
(1, '屏幕大', 2, 2),
(2, '系统流畅', 2, 2),
(3, '界面美观', 1, 2),
(4, '手感好', 1, 2),
(5, '功能齐全', 1, 2),
(6, '反应快', 1, 2),
(7, '美丽', 1, 3),
(8, '可爱', 1, 3),
(9, '屏幕大', 3, 3),
(10, '系统流畅', 1, 3),
(11, '是的', 1, 3),
(12, '功能齐全', 1, 3),
(13, '好看', 1, 2),
(14, 's', 1, 1);

-- --------------------------------------------------------

--
-- 表的结构 `jd_member`
--

CREATE TABLE IF NOT EXISTS `jd_member` (
  `id` mediumint(8) unsigned NOT NULL AUTO_INCREMENT,
  `email` varchar(60) NOT NULL COMMENT '会员账号',
  `password` char(32) NOT NULL COMMENT '密码',
  `face` varchar(150) NOT NULL DEFAULT '' COMMENT '头像',
  `addtime` int(10) unsigned NOT NULL COMMENT '注册时间',
  `email_code` char(32) NOT NULL DEFAULT '' COMMENT '邮件验证的验证码，当会员验证通过之后，会把这个字段清空，所以如果这个字段为空就说明会员已经通过email验证了',
  `jifen` int(10) unsigned NOT NULL DEFAULT '0' COMMENT '积分',
  `jyz` int(10) unsigned NOT NULL DEFAULT '0' COMMENT '经验值',
  `qqopenid` char(64) DEFAULT NULL,
  PRIMARY KEY (`id`)
) ENGINE=MyISAM  DEFAULT CHARSET=utf8 COMMENT='会员' AUTO_INCREMENT=38 ;

--
-- 转存表中的数据 `jd_member`
--

INSERT INTO `jd_member` (`id`, `email`, `password`, `face`, `addtime`, `email_code`, `jifen`, `jyz`, `qqopenid`) VALUES
(27, '1017122207@qq.com', '45e92207c5ca605c564b85de9068613a', '', 1460822689, '', 0, 0, 'EE03EE9CC29B5681895718EE96962ADC'),
(36, '1131194920@qq.com', '45e92207c5ca605c564b85de9068613a', '', 1467440297, '', 0, 0, NULL),
(34, 'luowangbao_pc@163.com', '45e92207c5ca605c564b85de9068613a', '', 1466575232, '', 0, 0, NULL),
(35, '33@163.com', '0fbdbf001ef7681b8724f36485262616', '', 1467382966, 'e9b6e6789acfcf0367291db162b117de', 0, 0, NULL),
(37, '344795666@qq.com', 'be9b7124fcf4003bb602d0c816998479', '', 1474181404, '', 0, 0, NULL);

-- --------------------------------------------------------

--
-- 表的结构 `jd_member_level`
--

CREATE TABLE IF NOT EXISTS `jd_member_level` (
  `id` mediumint(8) unsigned NOT NULL AUTO_INCREMENT,
  `level_name` varchar(30) NOT NULL COMMENT '级别名称',
  `bottom_num` int(10) unsigned NOT NULL COMMENT '积分下限',
  `top_num` int(10) unsigned NOT NULL COMMENT '积分上限',
  `rate` tinyint(3) unsigned NOT NULL DEFAULT '100' COMMENT '折扣率，以百分比，如：9折=90',
  PRIMARY KEY (`id`)
) ENGINE=MyISAM  DEFAULT CHARSET=utf8 COMMENT='会员级别' AUTO_INCREMENT=8 ;

--
-- 转存表中的数据 `jd_member_level`
--

INSERT INTO `jd_member_level` (`id`, `level_name`, `bottom_num`, `top_num`, `rate`) VALUES
(2, '注册会员', 0, 2000, 99),
(3, '铜牌会员', 2000, 8000, 98),
(4, '银牌会员', 8000, 20000, 95),
(5, '金牌会员', 20000, 45000, 92),
(6, '钻石会员', 45000, 100000, 90),
(7, '皇冠会员', 100000, 2147483647, 85);

-- --------------------------------------------------------

--
-- 表的结构 `jd_member_price`
--

CREATE TABLE IF NOT EXISTS `jd_member_price` (
  `goods_id` mediumint(8) unsigned NOT NULL COMMENT '商品的id',
  `level_id` mediumint(8) unsigned NOT NULL COMMENT '级别id',
  `price` decimal(10,2) NOT NULL COMMENT '这个级别的价格',
  KEY `goods_id` (`goods_id`),
  KEY `level_id` (`level_id`)
) ENGINE=MyISAM DEFAULT CHARSET=utf8 COMMENT='会员级别';

--
-- 转存表中的数据 `jd_member_price`
--

INSERT INTO `jd_member_price` (`goods_id`, `level_id`, `price`) VALUES
(2, 5, 4959.00),
(2, 4, 4979.00),
(1, 5, 4249.00),
(1, 4, 4279.00),
(1, 2, 4299.00),
(3, 7, 4909.00),
(2, 3, 4999.00),
(2, 2, 4999.00),
(8, 7, 1099.00),
(7, 7, 5499.00),
(7, 6, 5539.00),
(7, 5, 5559.00),
(7, 4, 5579.00),
(7, 3, 5599.00),
(4, 7, 5199.00),
(3, 6, 4929.00),
(3, 5, 4959.00),
(3, 4, 4979.00),
(3, 3, 4999.00),
(3, 2, 4999.00),
(5, 5, 4138.00),
(4, 6, 5229.00),
(4, 5, 5259.00),
(4, 4, 5279.00),
(4, 3, 5299.00),
(4, 2, 5299.00),
(8, 6, 1139.00),
(8, 5, 1159.00),
(7, 2, 5599.00),
(5, 4, 4168.00),
(5, 3, 4188.00),
(5, 2, 4188.00),
(8, 4, 1179.00),
(8, 3, 1199.00),
(8, 2, 1199.00),
(9, 7, 519.00),
(9, 6, 549.00),
(9, 5, 559.00),
(9, 4, 569.00),
(9, 3, 579.00);

-- --------------------------------------------------------

--
-- 表的结构 `jd_order`
--

CREATE TABLE IF NOT EXISTS `jd_order` (
  `id` mediumint(8) unsigned NOT NULL AUTO_INCREMENT,
  `member_id` mediumint(8) unsigned NOT NULL COMMENT '会员id',
  `addtime` int(10) unsigned NOT NULL COMMENT '下单时间',
  `shr_name` varchar(30) NOT NULL COMMENT '收货人姓名',
  `shr_province` varchar(30) NOT NULL COMMENT '省',
  `shr_city` varchar(30) NOT NULL COMMENT '市',
  `shr_area` varchar(30) NOT NULL COMMENT '地区',
  `shr_tel` varchar(30) NOT NULL COMMENT '收货人电话',
  `shr_address` varchar(30) NOT NULL COMMENT '收货人地址',
  `total_price` decimal(10,2) NOT NULL COMMENT '定单总价',
  `post_method` varchar(30) NOT NULL COMMENT '发货方式',
  `pay_method` varchar(30) NOT NULL COMMENT '支付方式',
  `pay_status` tinyint(3) unsigned NOT NULL DEFAULT '0' COMMENT '支付状态，0：未支付 1：已支付',
  `post_status` tinyint(3) unsigned NOT NULL DEFAULT '0' COMMENT '发货状态，0：未发货 1：已发货 2：已收到货',
  PRIMARY KEY (`id`),
  KEY `member_id` (`member_id`)
) ENGINE=InnoDB  DEFAULT CHARSET=utf8 COMMENT='定单基本信息' AUTO_INCREMENT=2 ;

--
-- 转存表中的数据 `jd_order`
--

INSERT INTO `jd_order` (`id`, `member_id`, `addtime`, `shr_name`, `shr_province`, `shr_city`, `shr_area`, `shr_tel`, `shr_address`, `total_price`, `post_method`, `pay_method`, `pay_status`, `post_status`) VALUES
(1, 18, 1457324915, 'luowangbao', '北京', '西城区', '西三旗', '123456', '汕尾陆河', 5599.00, '顺风', '支付宝', 0, 0);

-- --------------------------------------------------------

--
-- 表的结构 `jd_order_goods`
--

CREATE TABLE IF NOT EXISTS `jd_order_goods` (
  `order_id` mediumint(8) unsigned NOT NULL COMMENT '定单id',
  `member_id` mediumint(8) unsigned NOT NULL COMMENT '会员id',
  `goods_id` mediumint(8) unsigned NOT NULL COMMENT '商品ID',
  `goods_attr_id` varchar(30) NOT NULL DEFAULT '' COMMENT '选择的属性的ID，如果有多个用，隔开',
  `goods_attr_str` varchar(150) NOT NULL DEFAULT '' COMMENT '选择的属性的字符串',
  `goods_price` decimal(10,2) NOT NULL COMMENT '商品的价格',
  `goods_number` int(10) unsigned NOT NULL COMMENT '购买的数量',
  KEY `order_id` (`order_id`),
  KEY `goods_id` (`goods_id`),
  KEY `member_id` (`member_id`)
) ENGINE=InnoDB DEFAULT CHARSET=utf8 COMMENT='定单商品';

--
-- 转存表中的数据 `jd_order_goods`
--

INSERT INTO `jd_order_goods` (`order_id`, `member_id`, `goods_id`, `goods_attr_id`, `goods_attr_str`, `goods_price`, `goods_number`) VALUES
(1, 18, 7, '419,423', '颜色:红色<br/>屏幕尺寸:43英寸', 5599.00, 1);

-- --------------------------------------------------------

--
-- 表的结构 `jd_privilege`
--

CREATE TABLE IF NOT EXISTS `jd_privilege` (
  `id` smallint(5) unsigned NOT NULL AUTO_INCREMENT,
  `pri_name` varchar(32) NOT NULL COMMENT '权限名称',
  `module_name` varchar(32) NOT NULL COMMENT '模块名称',
  `controller_name` varchar(32) NOT NULL COMMENT '控制器名称',
  `action_name` varchar(32) NOT NULL COMMENT '方法名称',
  `parent_id` smallint(5) unsigned NOT NULL DEFAULT '0' COMMENT '上级权限的ID，0：代表顶级权限',
  PRIMARY KEY (`id`)
) ENGINE=MyISAM  DEFAULT CHARSET=utf8 COMMENT='权限表' AUTO_INCREMENT=54 ;

--
-- 转存表中的数据 `jd_privilege`
--

INSERT INTO `jd_privilege` (`id`, `pri_name`, `module_name`, `controller_name`, `action_name`, `parent_id`) VALUES
(1, '商品管理', 'null', 'null', 'null', 0),
(2, '商品列表', 'Admin', 'Goods', 'showlist', 1),
(3, '添加商品', 'Admin', 'Goods', 'add', 2),
(4, '编辑商品', 'Admin', 'Goods', 'edit', 2),
(48, '删除商品', 'Admin', 'Goods', 'delete', 45),
(6, '商品分类列表', 'Admin', 'Category', 'showlist', 1),
(7, '添加分类', 'Admin', 'Category', 'add', 6),
(8, '编辑分类', 'Admin', 'Category', 'edit', 6),
(9, '移除分类', 'Admin', 'Category', 'delete', 6),
(10, '权限管理', 'null', 'null', 'null', 0),
(11, '权限列表', 'Admin', 'Privilege', 'showlist', 10),
(12, '添加权限', 'Admin', 'Privilege', 'add', 11),
(13, '编辑权限', 'Admin', 'Privilege', 'edit', 11),
(14, '移除权限', 'Admin', 'Privilege', 'delete', 11),
(15, '角色列表', 'Admin', 'Role', 'showlist', 10),
(16, '添加角色', 'Admin', 'Role', 'add', 15),
(17, '编辑角色', 'Admin', 'Role', 'edit', 15),
(18, '移除角色', 'Admin', 'Role', 'delete', 15),
(19, '管理员列表', 'Admin', 'Admin', 'showlist', 10),
(20, '添加管理员', 'Admin', 'Admin', 'add', 19),
(21, '编辑管理员', 'Admin', 'Admin', 'edit', 19),
(22, '移除管理员', 'Admin', 'Admin', 'delete', 19),
(23, 'ajax修改状态', 'Admin', 'Admin', 'updateState', 19),
(24, '商品类型列表', 'Admin', 'Type', 'showlist', 1),
(25, '添加类型', 'Admin', 'Type', 'add', 24),
(26, '编辑类型', 'Admin', 'Type', 'edit', 24),
(27, '移除类型', 'Admin', 'Type', 'delete', 24),
(28, '属性列表', 'Admin', 'Attribute', 'showlist', 24),
(29, '添加属性', 'Admin', 'Attribute', 'add', 28),
(30, '编辑属性', 'Admin', 'Attribute', 'edit', 28),
(31, '移除属性', 'Admin', 'Attribute', 'delete', 28),
(32, 'ajax获取属性', 'Admin', 'Goods', 'ajaxGetAttr', 2),
(49, '品牌列表', 'Admin', 'Brand', 'showlist', 1),
(34, '品牌列表', 'Admin', 'Brand', 'showlist', 33),
(35, '添加品牌', 'Admin', 'Brand', 'add', 34),
(36, '编辑品牌', 'Admin', 'Brand', 'edit', 34),
(37, '移除品牌', 'Admin', 'Brand', 'delete', 34),
(38, '会员管理', 'null', 'null', 'null', 0),
(39, '会员级别列表', 'Admin', 'MemberLevel', 'showlist', 38),
(40, '添加会员级别', 'Admin', 'MemberLevel', 'add', 39),
(41, '编辑会员级别', 'Admin', 'MemberLevel', 'edit', 39),
(42, '移除会员级别', 'Admin', 'MemberLevel', 'delete', 39),
(43, 'ajax删除图片', 'Admin', 'Goods', 'ajaxDelImage', 4),
(44, 'ajax删除商品属性', 'Admin', 'Goods', 'ajaxDelGoodsAttr', 4),
(45, '商品回收站', 'Admin', 'Goods', 'recyclelst', 1),
(46, '放入回收站', 'Admin', 'Goods', 'recycle', 2),
(47, '还原', 'Admin', 'Goods', 'restore', 45),
(50, '添加品牌', 'Admin', 'Brand', 'add', 49),
(51, '编辑品牌', 'Admin', 'Brand', 'edit', 49),
(52, '移除品牌', 'Admin', 'Brand', 'delete', 49),
(53, '库存', 'Admin', 'Goods', 'goods_number', 2);

-- --------------------------------------------------------

--
-- 表的结构 `jd_reply`
--

CREATE TABLE IF NOT EXISTS `jd_reply` (
  `id` mediumint(8) unsigned NOT NULL AUTO_INCREMENT,
  `content` varchar(1000) NOT NULL COMMENT '回复的内容',
  `addtime` int(10) unsigned NOT NULL COMMENT '回复时间',
  `member_id` mediumint(8) unsigned NOT NULL COMMENT '会员ID',
  `comment_id` mediumint(8) unsigned NOT NULL COMMENT '评论的ID',
  PRIMARY KEY (`id`),
  KEY `comment_id` (`comment_id`)
) ENGINE=MyISAM DEFAULT CHARSET=utf8 COMMENT='回复' AUTO_INCREMENT=1 ;

-- --------------------------------------------------------

--
-- 表的结构 `jd_role`
--

CREATE TABLE IF NOT EXISTS `jd_role` (
  `id` smallint(5) unsigned NOT NULL AUTO_INCREMENT,
  `role_name` varchar(30) NOT NULL COMMENT '角色名称',
  PRIMARY KEY (`id`)
) ENGINE=MyISAM  DEFAULT CHARSET=utf8 COMMENT='角色表' AUTO_INCREMENT=9 ;

--
-- 转存表中的数据 `jd_role`
--

INSERT INTO `jd_role` (`id`, `role_name`) VALUES
(1, '角色1'),
(2, '角色2'),
(3, '角色3'),
(4, '角色4'),
(6, '角色5'),
(8, '角色7'),
(7, '角色6');

-- --------------------------------------------------------

--
-- 表的结构 `jd_role_privilege`
--

CREATE TABLE IF NOT EXISTS `jd_role_privilege` (
  `pri_id` smallint(5) unsigned NOT NULL COMMENT '权限的ID',
  `role_id` smallint(5) unsigned NOT NULL COMMENT '角色的id',
  KEY `pri_id` (`pri_id`),
  KEY `role_id` (`role_id`)
) ENGINE=MyISAM DEFAULT CHARSET=utf8 COMMENT='角色权限表';

--
-- 转存表中的数据 `jd_role_privilege`
--

INSERT INTO `jd_role_privilege` (`pri_id`, `role_id`) VALUES
(22, 1),
(21, 1),
(20, 1),
(19, 1),
(18, 1),
(17, 1),
(16, 1),
(15, 1),
(14, 1),
(13, 1),
(12, 1),
(11, 1),
(10, 1),
(9, 1),
(8, 1),
(7, 1),
(6, 1),
(5, 1),
(4, 1),
(3, 1),
(2, 1),
(1, 1),
(5, 2),
(4, 2),
(3, 2),
(2, 2),
(1, 2),
(9, 3),
(8, 3),
(7, 3),
(6, 3),
(1, 3),
(9, 4),
(8, 4),
(7, 4),
(6, 4),
(5, 4),
(4, 4),
(3, 4),
(2, 4),
(1, 4),
(31, 7),
(30, 7),
(18, 6),
(17, 6),
(16, 6),
(15, 6),
(10, 6),
(29, 7),
(28, 7),
(27, 7),
(26, 7),
(25, 7),
(24, 7),
(9, 7),
(8, 7),
(7, 7),
(6, 7),
(5, 7),
(4, 7),
(3, 7),
(2, 7),
(1, 7),
(9, 8),
(8, 8),
(7, 8),
(6, 8),
(32, 8),
(5, 8),
(4, 8),
(3, 8),
(2, 8),
(1, 8);

-- --------------------------------------------------------

--
-- 表的结构 `jd_type`
--

CREATE TABLE IF NOT EXISTS `jd_type` (
  `id` tinyint(3) unsigned NOT NULL AUTO_INCREMENT,
  `type_name` varchar(30) NOT NULL COMMENT '类型名称',
  PRIMARY KEY (`id`)
) ENGINE=MyISAM  DEFAULT CHARSET=utf8 COMMENT='商品类型' AUTO_INCREMENT=5 ;

--
-- 转存表中的数据 `jd_type`
--

INSERT INTO `jd_type` (`id`, `type_name`) VALUES
(1, '手机'),
(2, '电脑'),
(3, '平板电视'),
(4, '服装');

-- --------------------------------------------------------

--
-- 表的结构 `jd_youhui_price`
--

CREATE TABLE IF NOT EXISTS `jd_youhui_price` (
  `goods_id` mediumint(8) unsigned NOT NULL COMMENT '商品id',
  `youhui_num` int(10) unsigned NOT NULL COMMENT '数量',
  `youhui_price` decimal(10,2) NOT NULL COMMENT '优惠价格',
  KEY `goods_id` (`goods_id`)
) ENGINE=MyISAM DEFAULT CHARSET=utf8 COMMENT='商品的优惠价格';

/*!40101 SET CHARACTER_SET_CLIENT=@OLD_CHARACTER_SET_CLIENT */;
/*!40101 SET CHARACTER_SET_RESULTS=@OLD_CHARACTER_SET_RESULTS */;
/*!40101 SET COLLATION_CONNECTION=@OLD_COLLATION_CONNECTION */;
